sample_type,N_rate,P_rate,K_rate,global_warming,marine_eutrophication,terrestrial_acidification
OAT_N,121.9193,50,30,5082.240407,0.694523171,26.10316664
OAT_N,122.1608,50,30,5083.439246,0.694640999,26.1083721
OAT_N,125.7506,50,30,5101.259495,0.696392471,26.18574923
OAT_N,131.6507,50,30,5130.548384,0.699271145,26.31292422
OAT_N,129.2646,50,30,5118.703463,0.698106961,26.26149251
OAT_N,120.3858,50,30,5074.627907,0.693774972,26.07011248
OAT_N,127.3614,50,30,5109.255723,0.697178385,26.22046957
OAT_N,139.0689,50,30,5167.373326,0.702890503,26.47282142
OAT_N,126.9904,50,30,5107.414029,0.696997373,26.21247277
OAT_N,140.8619,50,30,5176.274018,0.703765312,26.51146903
OAT_N,140.3837,50,30,5173.900169,0.703531997,26.50116157
OAT_N,138.8226,50,30,5166.150659,0.702770332,26.4675125
OAT_N,125.3596,50,30,5099.318519,0.696201702,26.17732134
OAT_N,126.907,50,30,5107.00002,0.696956682,26.21067511
OAT_N,146.7112,50,30,5205.310729,0.7066192,26.63754904
OAT_N,143.9906,50,30,5191.805306,0.705291812,26.57890728
OAT_N,141.5943,50,30,5179.90975,0.704122652,26.52725571
OAT_N,140.6167,50,30,5175.056813,0.703645678,26.50618382
OAT_N,135.243,50,30,5148.381044,0.701023837,26.39035523
OAT_N,149.4642,50,30,5218.976991,0.707962395,26.69688918
OAT_N,143.6648,50,30,5190.187991,0.705132854,26.57188475
OAT_N,146.0649,50,30,5202.102409,0.706303869,26.62361823
OAT_N,143.6071,50,30,5189.90156,0.705104702,26.57064104
OAT_N,126.0047,50,30,5102.520882,0.696516447,26.19122628
OAT_N,125.2174,50,30,5098.612619,0.696132322,26.17425625
OAT_N,125.6651,50,30,5100.835062,0.696350756,26.1839063
OAT_N,132.5891,50,30,5135.206728,0.699728992,26.33315117
OAT_N,149.0992,50,30,5217.165082,0.707784311,26.68902171
OAT_N,120.8694,50,30,5077.028563,0.694010922,26.08053634
OAT_N,147.8146,50,30,5210.788155,0.707157551,26.66133252
OAT_N,127.886,50,30,5111.859908,0.697434338,26.23177717
OAT_N,127.7995,50,30,5111.43051,0.697392135,26.22991269
OAT_N,131.9159,50,30,5131.864873,0.699400537,26.31864053
OAT_N,145.0481,50,30,5197.054878,0.705807769,26.60170139
OAT_N,137.2882,50,30,5158.533692,0.702021695,26.43443894
OAT_N,141.5086,50,30,5179.484324,0.704080839,26.52540847
OAT_N,120.0409,50,30,5072.915777,0.693606695,26.06267826
OAT_N,121.285,50,30,5079.091657,0.694213694,26.08949448
OAT_N,136.1514,50,30,5152.890464,0.701467047,26.40993554
OAT_N,137.9961,50,30,5162.047802,0.702367081,26.44969752
OAT_N,134.5768,50,30,5145.073938,0.700698796,26.37599548
OAT_N,132.119,50,30,5132.873088,0.69949963,26.32301829
OAT_N,148.0411,50,30,5211.912532,0.707268061,26.66621466
OAT_N,131.7089,50,30,5130.837297,0.699299541,26.3141787
OAT_N,122.4726,50,30,5084.987063,0.694793127,26.11509287
OAT_N,132.3715,50,30,5134.126532,0.699622825,26.32846086
OAT_N,135.9249,50,30,5151.766087,0.701356538,26.40505339
OAT_N,122.6446,50,30,5085.840894,0.694877046,26.11880028
OAT_N,143.2323,50,30,5188.041002,0.704921836,26.56256233
OAT_N,138.9158,50,30,5166.613317,0.702815805,26.4695214
OAT_N,120.2873,50,30,5074.13894,0.693726914,26.06798934
OAT_N,142.7983,50,30,5185.886568,0.704710086,26.55320759
OAT_N,148.7309,50,30,5215.336792,0.707604616,26.6810831
OAT_N,142.3682,50,30,5183.751494,0.704500239,26.5439369
OAT_N,147.4193,50,30,5208.825833,0.706964684,26.65281194
OAT_N,131.397,50,30,5129.288983,0.699147364,26.30745579
OAT_N,122.4558,50,30,5084.903665,0.69478493,26.11473075
OAT_N,127.6006,50,30,5110.443144,0.697295091,26.22562546
OAT_N,144.1782,50,30,5192.736577,0.705383343,26.58295094
OAT_N,143.2283,50,30,5188.021146,0.704919884,26.56247612
OAT_N,120.2644,50,30,5074.025261,0.693715741,26.06749574
OAT_N,145.1965,50,30,5197.791555,0.705880174,26.60490011
OAT_N,131.5219,50,30,5129.909004,0.699208303,26.31014797
OAT_N,124.4758,50,30,5094.931217,0.695770493,26.15827128
OAT_N,134.4279,50,30,5144.334778,0.700626148,26.37278598
OAT_N,144.9736,50,30,5196.68505,0.705771421,26.60009556
OAT_N,144.2206,50,30,5192.947056,0.70540403,26.58386486
OAT_N,140.4654,50,30,5174.305739,0.703571859,26.50292259
OAT_N,129.8685,50,30,5121.701304,0.698401605,26.2745094
OAT_N,145.1883,50,30,5197.750849,0.705876173,26.60472336
OAT_N,132.1065,50,30,5132.811037,0.699493531,26.32274886
OAT_N,135.893,50,30,5151.607731,0.701340973,26.4043658
OAT_N,135.6262,50,30,5150.2833,0.701210801,26.398615
OAT_N,132.931,50,30,5136.903965,0.699895806,26.34052072
OAT_N,122.8341,50,30,5086.781597,0.694969504,26.1228849
OAT_N,131.7171,50,30,5130.878003,0.699303542,26.31435545
OAT_N,122.646,50,30,5085.847844,0.694877729,26.11883045
OAT_N,144.3947,50,30,5193.811312,0.705488974,26.58761754
OAT_N,132.6182,50,30,5135.351184,0.69974319,26.33377841
OAT_N,123.0186,50,30,5087.69748,0.695059522,26.12686174
OAT_N,136.1052,50,30,5152.661121,0.701444506,26.40893971
OAT_N,124.0374,50,30,5092.75494,0.695556597,26.14882169
OAT_N,126.765,50,30,5106.295113,0.6968874,26.20761434
OAT_N,131.4555,50,30,5129.579385,0.699175906,26.30871674
OAT_N,147.9026,50,30,5211.224999,0.707200487,26.66322933
OAT_N,149.6194,50,30,5219.747425,0.708038118,26.70023447
OAT_N,120.3802,50,30,5074.600108,0.69377224,26.06999178
OAT_N,145.139,50,30,5197.506117,0.70585212,26.60366071
OAT_N,136.8673,50,30,5156.444287,0.701816337,26.42536656
OAT_N,130.4027,50,30,5124.353145,0.698662243,26.28602393
OAT_N,144.4964,50,30,5194.316165,0.705538593,26.58980965
OAT_N,129.8433,50,30,5121.576208,0.69838931,26.27396622
OAT_N,147.0779,50,30,5207.131077,0.706798114,26.64545316
OAT_N,147.0309,50,30,5206.897763,0.706775182,26.64444008
OAT_N,145.062,50,30,5197.123879,0.705814551,26.602001
OAT_N,125.5049,50,30,5100.039807,0.696272594,26.18045324
OAT_N,136.8616,50,30,5156.415992,0.701813556,26.4252437
OAT_N,140.4229,50,30,5174.094763,0.703551123,26.50200651
OAT_N,148.0959,50,30,5212.184566,0.707294798,26.66739586
OAT_N,120.2523,50,30,5073.965195,0.693709837,26.06723493
OAT_N,130.2414,50,30,5123.55243,0.698583544,26.28254715
OAT_N,136.5107,50,30,5154.674077,0.701642351,26.41768015
OAT_N,138.4244,50,30,5164.173941,0.70257605,26.45892941
OAT_N,130.9769,50,30,5127.20355,0.698942396,26.29840065
OAT_N,137.5276,50,30,5159.722105,0.702138499,26.43959914
OAT_N,122.0159,50,30,5082.719943,0.694570302,26.10524883
OAT_N,142.2162,50,30,5182.996946,0.704426078,26.54066059
OAT_N,134.2422,50,30,5143.412938,0.700535544,26.36878327
OAT_N,142.9112,50,30,5186.447019,0.704765171,26.55564111
OAT_N,133.3474,50,30,5138.971031,0.700098969,26.34949611
OAT_N,128.5202,50,30,5115.008162,0.697743766,26.24544718
OAT_N,126.1058,50,30,5103.022756,0.696565774,26.19340547
OAT_N,131.438,50,30,5129.492513,0.699167368,26.30833953
OAT_N,128.5794,50,30,5115.302038,0.69777265,26.24672321
OAT_N,147.183,50,30,5207.652808,0.706849392,26.64771856
OAT_N,145.8118,50,30,5200.845987,0.70618038,26.61816273
OAT_N,147.6603,50,30,5210.022189,0.707082268,26.65800662
OAT_N,127.413,50,30,5109.511872,0.697203561,26.22158179
OAT_N,125.7955,50,30,5101.482385,0.696414378,26.18671704
OAT_N,142.89,50,30,5186.341779,0.704754827,26.55518415
OAT_N,137.4184,50,30,5159.180022,0.70208522,26.43724536
OAT_N,129.6045,50,30,5120.390772,0.698272799,26.26881896
OAT_N,132.7122,50,30,5135.817813,0.699789053,26.33580455
OAT_N,131.6909,50,30,5130.747942,0.699290758,26.31379072
OAT_N,134.6215,50,30,5145.295834,0.700720605,26.37695897
OAT_N,138.3432,50,30,5163.770853,0.702536432,26.45717917
OAT_N,135.3741,50,30,5149.031842,0.701087801,26.39318105
OAT_N,127.017,50,30,5107.546075,0.697010351,26.21304612
OAT_N,137.4102,50,30,5159.139316,0.702081219,26.43706861
OAT_N,149.3012,50,30,5218.167837,0.707882867,26.69337576
OAT_N,144.1361,50,30,5192.527587,0.705362802,26.58204349
OAT_N,130.192,50,30,5123.307201,0.698559441,26.28148235
OAT_N,122.2488,50,30,5083.87609,0.694683935,26.11026892
OAT_N,135.5214,50,30,5149.763059,0.701159669,26.39635606
OAT_N,136.1286,50,30,5152.777281,0.701455923,26.40944409
OAT_N,149.4548,50,30,5218.930328,0.707957809,26.69668656
OAT_N,146.969,50,30,5206.590483,0.706744981,26.64310585
OAT_N,124.826,50,30,5096.669657,0.695941357,26.16581974
OAT_N,123.4821,50,30,5089.998356,0.695285665,26.13685235
OAT_N,139.1327,50,30,5167.690037,0.702921631,26.47419661
OAT_N,141.5623,50,30,5179.750898,0.704107039,26.52656596
OAT_N,140.278,50,30,5173.37546,0.703480426,26.49888323
OAT_N,129.4443,50,30,5119.595518,0.698194637,26.26536589
OAT_N,144.5479,50,30,5194.571818,0.70556372,26.59091972
OAT_N,141.112,50,30,5177.515548,0.703887336,26.51685987
OAT_N,143.5655,50,30,5189.695052,0.705084405,26.56974437
OAT_N,141.2028,50,30,5177.966292,0.703931638,26.51881704
OAT_N,145.9802,50,30,5201.681947,0.706262543,26.62179254
OAT_N,125.7915,50,30,5101.462528,0.696412427,26.18663082
OAT_N,147.8524,50,30,5210.9758,0.707175994,26.66214728
OAT_P,135,42.6338,30,5125.764199,0.69983275,26.27934766
OAT_P,135,52.0367,30,5153.094621,0.701201822,26.414362
OAT_P,135,50.1644,30,5147.652604,0.700929213,26.38747802
OAT_P,135,47.0667,30,5138.648844,0.700478185,26.34299877
OAT_P,135,52.5398,30,5154.556929,0.701275074,26.42158591
OAT_P,135,53.0652,30,5156.084054,0.701351573,26.42913002
OAT_P,135,42.9505,30,5126.684718,0.699878862,26.28389509
OAT_P,135,44.4809,30,5131.132971,0.70010169,26.3058698
OAT_P,135,44.1901,30,5130.287733,0.700059349,26.30169426
OAT_P,135,41.224,30,5121.666481,0.699627481,26.25910463
OAT_P,135,46.2948,30,5136.405243,0.700365795,26.33191522
OAT_P,135,54.8099,30,5161.155191,0.701605603,26.45418181
OAT_P,135,45.6751,30,5134.604027,0.700275566,26.32301707
OAT_P,135,54.915,30,5161.460674,0.701620906,26.45569092
OAT_P,135,41.4928,30,5122.447774,0.699666619,26.26296428
OAT_P,135,50.5456,30,5148.760598,0.700984716,26.39295159
OAT_P,135,42.0207,30,5123.982166,0.699743482,26.27054429
OAT_P,135,42.1761,30,5124.433851,0.699766108,26.27277564
OAT_P,135,48.7714,30,5143.603717,0.700726391,26.36747622
OAT_P,135,50.9189,30,5149.845629,0.701039069,26.39831173
OAT_P,135,51.7889,30,5152.374367,0.701165742,26.41080389
OAT_P,135,57.1172,30,5167.861577,0.701941549,26.48731186
OAT_P,135,56.5782,30,5166.294923,0.70186307,26.47957247
OAT_P,135,51.2065,30,5150.681566,0.701080944,26.40244132
OAT_P,135,49.9569,30,5147.049485,0.700899001,26.38449857
OAT_P,135,40.8903,30,5120.696551,0.699578894,26.2543131
OAT_P,135,47.0024,30,5138.46195,0.700468823,26.3420755
OAT_P,135,48.2724,30,5142.153326,0.700653736,26.36031118
OAT_P,135,56.2673,30,5165.391262,0.701817802,26.47510832
OAT_P,135,45.1231,30,5132.999586,0.700195195,26.31509102
OAT_P,135,48.4111,30,5142.55647,0.700673931,26.36230274
OAT_P,135,45.1773,30,5133.157124,0.700203086,26.31586926
OAT_P,135,46.973,30,5138.376496,0.700464542,26.34165336
OAT_P,135,52.5198,30,5154.498797,0.701272162,26.42129873
OAT_P,135,47.1596,30,5138.918867,0.700491711,26.34433271
OAT_P,135,53.4856,30,5157.305987,0.701412784,26.43516646
OAT_P,135,44.852,30,5132.211608,0.700155722,26.31119835
OAT_P,135,40.5281,30,5119.643782,0.699526158,26.24911234
OAT_P,135,47.271,30,5139.242662,0.700507931,26.34593228
OAT_P,135,50.3146,30,5148.089174,0.700951083,26.38963471
OAT_P,135,44.8401,30,5132.17702,0.700153989,26.31102748
OAT_P,135,57.0935,30,5167.792691,0.701938098,26.48697156
OAT_P,135,55.7757,30,5163.96238,0.701746225,26.46804954
OAT_P,135,45.5939,30,5134.368011,0.700263744,26.32185114
OAT_P,135,55.1302,30,5162.086173,0.701652239,26.45878093
OAT_P,135,49.2136,30,5144.889013,0.700790776,26.37382568
OAT_P,135,44.8871,30,5132.31363,0.700160833,26.31170234
OAT_P,135,57.1451,30,5167.942671,0.701945611,26.48771247
OAT_P,135,50.7887,30,5149.467191,0.701020112,26.39644222
OAT_P,135,41.7842,30,5123.294756,0.699709047,26.26714843
OAT_P,135,47.0536,30,5138.610768,0.700476277,26.34281067
OAT_P,135,51.6232,30,5151.892744,0.701141616,26.40842463
OAT_P,135,51.3975,30,5151.236726,0.701108754,26.40518385
OAT_P,135,46.6323,30,5137.386219,0.700414936,26.33676131
OAT_P,135,56.9504,30,5167.376757,0.701917262,26.48491682
OAT_P,135,44.7691,30,5131.970651,0.700143652,26.310008
OAT_P,135,53.0576,30,5156.061964,0.701350466,26.42902089
OAT_P,135,51.8769,30,5152.630148,0.701178555,26.41206746
OAT_P,135,57.3567,30,5168.557707,0.70197642,26.49075079
OAT_P,135,45.228,30,5133.304488,0.700210468,26.31659725
OAT_P,135,43.2835,30,5127.652614,0.699927347,26.28867657
OAT_P,135,44.7442,30,5131.898277,0.700140026,26.30965047
OAT_P,135,56.2785,30,5165.423816,0.701819433,26.47526914
OAT_P,135,47.1661,30,5138.93776,0.700492658,26.34442604
OAT_P,135,40.7663,30,5120.336133,0.69956084,26.25253261
OAT_P,135,49.7773,30,5146.527461,0.700872851,26.38191973
OAT_P,135,52.4425,30,5154.274118,0.701260907,26.4201888
OAT_P,135,57.7012,30,5169.559029,0.70202658,26.4956974
OAT_P,135,59.3328,30,5174.301429,0.702264142,26.51912521
OAT_P,135,51.9262,30,5152.773443,0.701185733,26.41277535
OAT_P,135,50.1645,30,5147.652894,0.700929228,26.38747946
OAT_P,135,48.5838,30,5143.058439,0.700699076,26.36478251
OAT_P,135,46.7348,30,5137.684145,0.70042986,26.33823309
OAT_P,135,58.0939,30,5170.700449,0.702083757,26.5013361
OAT_P,135,55.115,30,5162.041993,0.701650026,26.45856268
OAT_P,135,51.2164,30,5150.710342,0.701082386,26.40258347
OAT_P,135,57.0378,30,5167.630794,0.701929988,26.48617177
OAT_P,135,43.7434,30,5128.989357,0.699994309,26.29528018
OAT_P,135,51.1731,30,5150.584486,0.701076081,26.40196174
OAT_P,135,45.1417,30,5133.053649,0.700197903,26.31535809
OAT_P,135,42.0139,30,5123.962401,0.699742492,26.27044665
OAT_P,135,48.5141,30,5142.85585,0.700688928,26.3637817
OAT_P,135,59.8464,30,5175.794257,0.702338923,26.52649989
OAT_P,135,47.4838,30,5139.861185,0.700538915,26.34898783
OAT_P,135,51.464,30,5151.430014,0.701118437,26.40613871
OAT_P,135,46.3129,30,5136.457853,0.700368431,26.33217511
OAT_P,135,59.1427,30,5173.748886,0.702236464,26.51639561
OAT_P,135,53.8351,30,5158.321842,0.701463671,26.44018486
OAT_P,135,47.8397,30,5140.895642,0.700590734,26.35409812
OAT_P,135,55.2659,30,5162.480598,0.701671997,26.46072942
OAT_P,135,55.518,30,5163.213351,0.701708703,26.46434928
OAT_P,135,41.9977,30,5123.915314,0.699740133,26.27021403
OAT_P,135,56.3496,30,5165.630475,0.701829785,26.47629005
OAT_P,135,51.1418,30,5150.49351,0.701071524,26.40151231
OAT_P,135,49.0158,30,5144.314089,0.700761976,26.37098551
OAT_P,135,52.7629,30,5155.205391,0.701307558,26.42478935
OAT_P,135,56.1917,30,5165.171524,0.701806795,26.4740228
OAT_P,135,41.1472,30,5121.443255,0.699616299,26.25800188
OAT_P,135,54.0314,30,5158.892406,0.701492253,26.44300349
OAT_P,135,55.1086,30,5162.023391,0.701649094,26.45847078
OAT_P,135,46.5311,30,5137.092072,0.700400201,26.3353082
OAT_P,135,51.6794,30,5152.056095,0.701149799,26.4092316
OAT_P,135,48.4796,30,5142.755572,0.700683905,26.36328632
OAT_P,135,55.9751,30,5164.541955,0.701775258,26.47091268
OAT_P,135,53.7146,30,5157.971597,0.701446126,26.43845462
OAT_P,135,57.5186,30,5169.028285,0.701999993,26.49307548
OAT_P,135,43.8987,30,5129.440751,0.700016921,26.29751011
OAT_P,135,57.0432,30,5167.646489,0.701930774,26.48624931
OAT_P,135,55.0294,30,5161.793188,0.701637563,26.45733357
OAT_P,135,48.3694,30,5142.435265,0.700667859,26.36170398
OAT_P,135,52.461,30,5154.32789,0.701263601,26.42045443
OAT_P,135,59.8969,30,5175.94104,0.702346276,26.52722501
OAT_P,135,45.5853,30,5134.343014,0.700262491,26.32172765
OAT_P,135,41.7982,30,5123.335448,0.699711086,26.26734945
OAT_P,135,49.9845,30,5147.129707,0.70090302,26.38489487
OAT_P,135,51.2959,30,5150.941416,0.701093961,26.403725
OAT_P,135,59.5279,30,5174.868506,0.702292549,26.52192661
OAT_P,135,44.3189,30,5130.662102,0.700078102,26.30354367
OAT_P,135,49.2033,30,5144.859075,0.700789276,26.37367778
OAT_P,135,46.784,30,5137.82715,0.700437023,26.33893954
OAT_P,135,48.1221,30,5141.716465,0.700631852,26.35815305
OAT_P,135,55.703,30,5163.751071,0.70173564,26.46700565
OAT_P,135,49.6027,30,5146.019969,0.700847429,26.37941268
OAT_P,135,41.3648,30,5122.07573,0.699647982,26.26112635
OAT_P,135,46.1279,30,5135.920133,0.700341495,26.32951874
OAT_P,135,48.4608,30,5142.700928,0.700681167,26.36301637
OAT_P,135,45.781,30,5134.911835,0.700290986,26.32453767
OAT_P,135,44.2837,30,5130.55979,0.700072977,26.30303824
OAT_P,135,54.4926,30,5160.232928,0.701559404,26.44962576
OAT_P,135,52.447,30,5154.287197,0.701261562,26.42025341
OAT_P,135,40.9597,30,5120.898268,0.699588999,26.2553096
OAT_P,135,56.7296,30,5166.734981,0.701885114,26.48174639
OAT_P,135,57.0589,30,5167.692123,0.70193306,26.48647475
OAT_P,135,53.4734,30,5157.270526,0.701411007,26.43499128
OAT_P,135,44.6877,30,5131.734055,0.7001318,26.3088392
OAT_P,135,58.862,30,5172.933004,0.702195593,26.51236509
OAT_P,135,53.035,30,5155.996275,0.701347176,26.42869638
OAT_P,135,53.8911,30,5158.484611,0.701471825,26.44098895
OAT_P,135,58.7989,30,5172.749598,0.702186406,26.51145905
OAT_P,135,48.5835,30,5143.057567,0.700699033,26.3647782
OAT_P,135,49.2541,30,5145.00673,0.700796673,26.37440721
OAT_P,135,40.3344,30,5119.080775,0.699497955,26.24633105
OAT_P,135,49.8006,30,5146.595184,0.700876244,26.38225429
OAT_P,135,52.3406,30,5153.977936,0.70124607,26.41872563
OAT_P,135,51.9869,30,5152.949873,0.701194571,26.41364693
OAT_P,135,48.5546,30,5142.973567,0.700694825,26.36436323
OAT_P,135,43.5601,30,5128.456578,0.69996762,26.29264822
OAT_P,135,42.6455,30,5125.798206,0.699834453,26.27951566
OAT_P,135,50.4098,30,5148.365882,0.700964944,26.39100167
OAT_P,135,55.955,30,5164.483533,0.701772331,26.47062407
OAT_K,135,50,34.9372,5162.067034,0.702291613,26.4463563
OAT_K,135,50,39.4139,5175.570284,0.703548644,26.50188332
OAT_K,135,50,25.7908,5134.47838,0.699723358,26.33290836
OAT_K,135,50,28.8336,5143.6565,0.700577758,26.37064992
OAT_K,135,50,39.0329,5174.421058,0.703441662,26.49715756
OAT_K,135,50,21.9683,5122.94842,0.698650022,26.28549575
OAT_K,135,50,24.7911,5131.462945,0.699442648,26.32050852
OAT_K,135,50,39.2028,5174.933534,0.703489369,26.49926493
OAT_K,135,50,39.4553,5175.69516,0.703560269,26.50239683
OAT_K,135,50,26.3645,5136.208855,0.699884449,26.34002429
OAT_K,135,50,34.9983,5162.251332,0.70230877,26.44711416
OAT_K,135,50,32.7072,5155.340595,0.701665442,26.41869636
OAT_K,135,50,30.2579,5147.952673,0.700977693,26.38831631
OAT_K,135,50,31.8243,5152.677469,0.701417529,26.40774525
OAT_K,135,50,37.9955,5171.291907,0.703150366,26.48429011
OAT_K,135,50,29.8065,5146.591098,0.700850943,26.38271734
OAT_K,135,50,22.1189,5123.402681,0.69869231,26.28736373
OAT_K,135,50,24.5084,5130.610226,0.699363267,26.31700204
OAT_K,135,50,31.8996,5152.904599,0.701438673,26.40867924
OAT_K,135,50,21.645,5121.973237,0.698559241,26.28148568
OAT_K,135,50,35.8161,5164.718095,0.702538403,26.45725779
OAT_K,135,50,25.5682,5133.806943,0.699660853,26.33014733
OAT_K,135,50,35.4039,5163.47476,0.70242266,26.45214504
OAT_K,135,50,29.6118,5146.003816,0.700796272,26.38030237
OAT_K,135,50,22.0511,5123.198173,0.698673272,26.28652276
OAT_K,135,50,37.9612,5171.188446,0.703140735,26.48386467
OAT_K,135,50,35.3293,5163.249741,0.702401713,26.45121973
OAT_K,135,50,22.4762,5124.480419,0.698792638,26.29179552
OAT_K,135,50,22.3985,5124.24605,0.69877082,26.29083176
OAT_K,135,50,29.8924,5146.850201,0.700875063,26.38378281
OAT_K,135,50,22.3803,5124.191152,0.698765709,26.29060602
OAT_K,135,50,30.0493,5147.323465,0.70091912,26.38572893
OAT_K,135,50,22.7007,5125.157588,0.698855676,26.29458012
OAT_K,135,50,23.0879,5126.325515,0.698964399,26.29938278
OAT_K,135,50,31.9709,5153.119664,0.701458694,26.40956361
OAT_K,135,50,22.4628,5124.44,0.698788875,26.29162931
OAT_K,135,50,29.1652,5144.656719,0.70067087,26.37476294
OAT_K,135,50,31.158,5150.667681,0.701230436,26.39948076
OAT_K,135,50,22.8359,5125.565397,0.698893639,26.29625708
OAT_K,135,50,36.7301,5167.47503,0.702795049,26.46859464
OAT_K,135,50,23.5735,5127.790249,0.699100753,26.30540595
OAT_K,135,50,27.7859,5140.496281,0.70028357,26.35765471
OAT_K,135,50,34.5989,5161.046606,0.702196621,26.44216017
OAT_K,135,50,31.5745,5151.923987,0.701347387,26.40464684
OAT_K,135,50,38.8809,5173.962574,0.703398981,26.49527222
OAT_K,135,50,22.1986,5123.643083,0.698714689,26.28835229
OAT_K,135,50,37.5664,5169.997595,0.703029877,26.47896774
OAT_K,135,50,25.826,5134.584556,0.699733242,26.33334497
OAT_K,135,50,30.9501,5150.040584,0.701172059,26.39690206
OAT_K,135,50,22.8693,5125.666143,0.698903018,26.29667136
OAT_K,135,50,20.4617,5118.404002,0.698226978,26.26680854
OAT_K,135,50,29.9385,5146.989254,0.700888008,26.38435461
OAT_K,135,50,28.3449,5142.182415,0.700440534,26.3645883
OAT_K,135,50,23.1914,5126.637706,0.698993462,26.30066654
OAT_K,135,50,39.6486,5176.278219,0.703614547,26.50479444
OAT_K,135,50,37.9384,5171.119674,0.703134333,26.48358187
OAT_K,135,50,24.9734,5132.012824,0.699493837,26.32276969
OAT_K,135,50,31.3744,5151.320417,0.7012912,26.40216489
OAT_K,135,50,38.4237,5172.583504,0.703270602,26.48960131
OAT_K,135,50,37.8954,5170.989971,0.703122259,26.48304851
OAT_K,135,50,33.8631,5158.827183,0.701990012,26.43303363
OAT_K,135,50,35.3805,5163.404177,0.702416089,26.4518548
OAT_K,135,50,35.3464,5163.30132,0.702406514,26.45143183
OAT_K,135,50,21.0587,5120.204757,0.698394612,26.27421347
OAT_K,135,50,28.4552,5142.515117,0.700471506,26.36595641
OAT_K,135,50,21.1824,5120.577879,0.698429346,26.27574779
OAT_K,135,50,27.1641,5138.62072,0.700108972,26.34994217
OAT_K,135,50,39.7655,5176.630829,0.703647372,26.50624441
OAT_K,135,50,34.569,5160.956417,0.702188225,26.44178931
OAT_K,135,50,31.0071,5150.212515,0.701188064,26.39760906
OAT_K,135,50,39.6684,5176.337942,0.703620107,26.50504003
OAT_K,135,50,35.7001,5164.3682,0.702505831,26.45581897
OAT_K,135,50,33.2216,5156.892201,0.701809883,26.42507675
OAT_K,135,50,31.0797,5150.431502,0.70120845,26.39850956
OAT_K,135,50,34.1817,5159.788189,0.702079473,26.43698541
OAT_K,135,50,34.397,5160.437607,0.702139928,26.43965589
OAT_K,135,50,38.4746,5172.737035,0.703284895,26.49023266
OAT_K,135,50,32.3816,5154.358475,0.701574016,26.41465776
OAT_K,135,50,36.8129,5167.724783,0.702818299,26.46962166
OAT_K,135,50,31.7075,5152.32516,0.701384733,26.40629651
OAT_K,135,50,22.5073,5124.574228,0.69880137,26.29218127
OAT_K,135,50,29.1897,5144.730619,0.700677749,26.37506683
OAT_K,135,50,23.1266,5126.442247,0.698975266,26.29986279
OAT_K,135,50,21.9096,5122.771361,0.69863354,26.28476766
OAT_K,135,50,28.3357,5142.154664,0.700437951,26.36447419
OAT_K,135,50,37.9494,5171.152854,0.703137421,26.48371831
OAT_K,135,50,32.6215,5155.082095,0.701641378,26.41763337
OAT_K,135,50,36.8321,5167.782697,0.70282369,26.46985981
OAT_K,135,50,23.813,5128.512663,0.699168003,26.3083766
OAT_K,135,50,22.645,5124.989578,0.698840036,26.29388924
OAT_K,135,50,26.8934,5137.804197,0.700032961,26.34658453
OAT_K,135,50,31.239,5150.912005,0.70125318,26.40048545
OAT_K,135,50,25.0919,5132.37026,0.699527111,26.32423951
OAT_K,135,50,38.7805,5173.659734,0.703370789,26.49402691
OAT_K,135,50,20.5105,5118.5512,0.698240681,26.26741384
OAT_K,135,50,25.0679,5132.297868,0.699520372,26.32394183
OAT_K,135,50,38.5573,5172.986487,0.703308116,26.49125843
OAT_K,135,50,37.4375,5169.608789,0.702993683,26.47736892
OAT_K,135,50,25.2609,5132.880022,0.699574565,26.32633572
OAT_K,135,50,22.4913,5124.525966,0.698796878,26.29198281
OAT_K,135,50,22.1248,5123.420477,0.698693966,26.28743691
OAT_K,135,50,27.8591,5140.717077,0.700304124,26.35856265
OAT_K,135,50,21.6688,5122.045026,0.698565924,26.28178088
OAT_K,135,50,25.0864,5132.35367,0.699525566,26.32417129
OAT_K,135,50,25.5668,5133.80272,0.69966046,26.33012996
OAT_K,135,50,35.6982,5164.362469,0.702505298,26.45579541
OAT_K,135,50,21.5222,5121.602831,0.69852476,26.27996252
OAT_K,135,50,28.0044,5141.155351,0.700344924,26.36036489
OAT_K,135,50,34.5209,5160.811331,0.702174719,26.44119269
OAT_K,135,50,37.4506,5169.648303,0.702997361,26.47753141
OAT_K,135,50,28.502,5142.656282,0.700484647,26.3665369
OAT_K,135,50,28.1505,5141.596038,0.700385948,26.36217705
OAT_K,135,50,37.7523,5170.558333,0.703082077,26.48127356
OAT_K,135,50,25.7458,5134.342645,0.699710722,26.3323502
OAT_K,135,50,33.8032,5158.646504,0.701973193,26.43229066
OAT_K,135,50,25.8688,5134.713655,0.69974526,26.33387584
OAT_K,135,50,29.4426,5145.493451,0.700748762,26.37820369
OAT_K,135,50,35.2202,5162.920658,0.702371078,26.44986651
OAT_K,135,50,30.3913,5148.355053,0.701015151,26.38997095
OAT_K,135,50,30.0189,5147.231768,0.700910584,26.38535186
OAT_K,135,50,29.637,5146.079828,0.700803348,26.38061494
OAT_K,135,50,27.3858,5139.289443,0.700171224,26.35269204
OAT_K,135,50,28.9778,5144.091456,0.700618249,26.37243851
OAT_K,135,50,20.2667,5117.815816,0.698172223,26.26438985
OAT_K,135,50,39.6376,5176.245039,0.703611458,26.504658
OAT_K,135,50,27.0602,5138.307323,0.700079798,26.34865344
OAT_K,135,50,35.7331,5164.467739,0.702515097,26.45622829
OAT_K,135,50,22.9047,5125.772921,0.698912958,26.29711044
OAT_K,135,50,38.603,5173.124334,0.703320949,26.49182527
OAT_K,135,50,25.2737,5132.918631,0.699578159,26.32649448
OAT_K,135,50,21.8828,5122.690523,0.698626014,26.28443524
OAT_K,135,50,26.8067,5137.54268,0.700008617,26.34550914
OAT_K,135,50,38.8241,5173.791246,0.703383032,26.4945677
OAT_K,135,50,31.7028,5152.310983,0.701383413,26.40623822
OAT_K,135,50,20.4403,5118.339452,0.698220969,26.26654311
OAT_K,135,50,22.5846,5124.807391,0.698823076,26.29314006
OAT_K,135,50,29.4699,5145.575797,0.700756428,26.37854231
OAT_K,135,50,32.9802,5156.164056,0.701742099,26.42208253
OAT_K,135,50,36.6827,5167.332056,0.70278174,26.46800671
OAT_K,135,50,24.3603,5130.163506,0.699321682,26.31516507
OAT_K,135,50,36.2284,5165.961732,0.702654175,26.46237178
OAT_K,135,50,24.8718,5131.706364,0.699465308,26.32150949
OAT_K,135,50,33.4506,5157.582943,0.701874185,26.42791716
OAT_K,135,50,38.1932,5171.888237,0.703205879,26.48674229
OAT_K,135,50,23.2877,5126.928179,0.699020502,26.30186101
OAT_K,135,50,31.261,5150.978364,0.701259358,26.40075832
OAT_K,135,50,34.4835,5160.69852,0.702164217,26.4407288
OAT_K,135,50,39.3599,5175.407401,0.703533482,26.50121353
OAT_K,135,50,25.9778,5135.042436,0.699775866,26.33522783
OAT_K,135,50,38.4416,5172.637496,0.703275628,26.48982334
RANDOM,144.395,42.0789,24.3398,5153.716283,0.702746448,26.4036799
RANDOM,123.18,57.4858,23.3079,5090.071231,0.694349108,26.15482188
RANDOM,136.3061,59.7368,31.7596,5187.266902,0.7034543,26.57490409
RANDOM,142.6215,50.966,35.7669,5205.211612,0.706383788,26.63479741
RANDOM,138.639,40.9846,24.6932,5123.028014,0.699877983,26.26828153
RANDOM,120.2998,57.6436,29.3402,5094.42766,0.694660661,26.16982781
RANDOM,127.5317,40.7256,27.5133,5075.643457,0.695212861,26.06012717
RANDOM,121.2166,57.8349,34.3669,5114.697047,0.696547292,26.25468499
RANDOM,122.6304,43.6679,32.6492,5075.356441,0.694692037,26.06043238
RANDOM,131.0163,51.5212,28.1028,5126.098049,0.698650385,26.29756047
RANDOM,148.0746,47.8318,28.4592,5201.129174,0.706536066,26.61669259
RANDOM,140.4048,58.5033,34.5876,5212.558324,0.706068553,26.68061611
RANDOM,132.2689,55.1009,32.2507,5155.232339,0.700947446,26.42740883
RANDOM,121.1528,45.9549,33.5989,5077.533437,0.694570773,26.07320136
RANDOM,139.8321,40.0873,34.1841,5154.970417,0.702994441,26.39883528
RANDOM,120.8899,54.1074,26.9586,5079.894979,0.693764959,26.10223135
RANDOM,135.9631,58.0353,30.6083,5177.14592,0.702715931,26.52879911
RANDOM,121.8766,50.5836,35.5028,5100.323044,0.696132464,26.17888037
RANDOM,136.1272,42.1202,31.8975,5135.59045,0.70084074,26.31980522
RANDOM,126.1657,56.3552,27.0948,5113.029029,0.696704561,26.24991479
RANDOM,133.4096,57.7111,29.0054,5158.692793,0.700972783,26.44922235
RANDOM,149.6522,53.6556,20.3198,5201.336821,0.705868237,26.63336253
RANDOM,148.7043,52.2467,34.5318,5235.404443,0.709191263,26.76898012
RANDOM,121.4767,43.6025,29.3253,5059.413215,0.69318629,25.99339744
RANDOM,122.5266,44.488,29.3702,5067.334283,0.693840077,26.02929937
RANDOM,134.8401,46.35,21.6658,5110.63314,0.697955622,26.22588746
RANDOM,120.8021,57.2616,28.6685,5093.78475,0.694661506,26.16683821
RANDOM,147.8978,57.2461,27.8923,5225.905109,0.707661355,26.74102816
RANDOM,147.0452,51.7493,26.035,5200.093468,0.705923511,26.62068604
RANDOM,127.1301,54.5753,21.7288,5096.45731,0.695409197,26.17858743
RANDOM,137.1599,47.0472,39.2869,5177.326649,0.704136873,26.50446545
RANDOM,132.1288,55.9179,23.3482,5130.058584,0.698498277,26.32569744
RANDOM,129.3763,48.0123,35.0701,5128.773664,0.699295703,26.29824649
RANDOM,123.1435,40.5947,37.8981,5084.803458,0.695968779,26.0924697
RANDOM,136.5382,58.0016,35.9791,5196.103001,0.704499706,26.60732838
RANDOM,127.7145,51.5658,30.8509,5118.126309,0.697817573,26.26111773
RANDOM,142.9532,50.8576,33.5405,5199.827561,0.705904682,26.61277533
RANDOM,141.8154,59.1777,35.2748,5223.593769,0.707047943,26.72922849
RANDOM,136.9794,45.2204,21.6922,5118.049255,0.698842334,26.25610723
RANDOM,140.407,58.4793,28.8528,5195.201379,0.704455833,26.60918697
RANDOM,124.7635,48.8705,25.5188,5079.559576,0.694488112,26.09267147
RANDOM,129.7116,49.5866,35.2715,5135.621482,0.699745068,26.33057691
RANDOM,141.4399,57.3213,23.872,5181.93921,0.703392602,26.55304369
RANDOM,129.3246,41.5394,34.641,5108.408608,0.698207528,26.19886668
RANDOM,147.7583,47.0896,37.2908,5224.040853,0.708753539,26.70876103
RANDOM,139.1044,58.8275,35.9049,5211.018707,0.705851178,26.67358069
RANDOM,148.4534,41.719,33.4124,5200.18269,0.707221683,26.59852239
RANDOM,148.5276,52.4459,27.3191,5213.350318,0.707108771,26.6785685
RANDOM,134.0401,56.9466,22.7646,5140.776212,0.699416714,26.37442715
RANDOM,135.0251,59.5035,29.2295,5172.598095,0.702084891,26.51256034
RANDOM,127.7089,42.2945,31.0959,5091.889599,0.696533724,26.13091119
RANDOM,135.9985,45.5931,35.6923,5156.492287,0.702349162,26.41396683
RANDOM,136.9747,47.888,23.285,5130.583983,0.699675695,26.31406584
RANDOM,138.6322,42.871,24.7408,5128.620836,0.700162693,26.2958118
RANDOM,140.7177,53.4167,35.2716,5201.390092,0.705672666,26.62280716
RANDOM,134.0744,58.4546,32.6816,5175.242673,0.702437651,26.51982566
RANDOM,130.7294,42.749,35.8553,5122.560783,0.699410021,26.26157679
RANDOM,131.8897,50.087,27.7706,5125.263057,0.698774418,26.29167251
RANDOM,123.5124,59.026,28.7803,5112.704666,0.696272159,26.25197934
RANDOM,121.1653,45.2926,22.6704,5042.706378,0.691411781,25.92840864
RANDOM,122.2732,53.7016,32.5597,5102.477192,0.695953545,26.19569477
RANDOM,132.3887,52.2558,28.4313,5136.03688,0.699519182,26.34176471
RANDOM,123.7081,53.9644,26.7213,5092.753482,0.695052512,26.15798018
RANDOM,146.4308,53.2613,36.3969,5232.693291,0.708753453,26.75767779
RANDOM,130.7257,51.4086,23.1295,5109.327025,0.697095733,26.22799324
RANDOM,122.7836,42.3041,28.9535,5061.005444,0.693530482,25.99831219
RANDOM,138.9761,47.5556,31.5976,5164.626678,0.702937915,26.45553843
RANDOM,124.2341,49.828,36.8607,5113.925656,0.697553968,26.2356889
RANDOM,126.6593,53.2553,29.5485,5113.870365,0.697183025,26.24647799
RANDOM,142.7961,45.6578,22.1603,5149.607428,0.701875442,26.3935712
RANDOM,136.5364,47.1176,33.3216,5156.442761,0.702167895,26.41804598
RANDOM,128.8661,49.4942,34.5142,5128.871463,0.699106447,26.30163243
RANDOM,146.7286,50.5484,21.5587,5181.52925,0.704337269,26.54109627
RANDOM,130.2813,50.5895,35.1589,5141.024934,0.700137432,26.35586043
RANDOM,147.5403,59.3213,24.453,5219.788099,0.706823346,26.72046016
RANDOM,145.862,48.1614,30.2425,5196.482583,0.706005264,26.59585255
RANDOM,131.5367,58.4052,38.8926,5181.236092,0.70293632,26.54145545
RANDOM,144.8046,56.2797,30.408,5215.329322,0.70671786,26.69168241
RANDOM,146.209,42.7048,20.9789,5154.402843,0.702778914,26.4100802
RANDOM,147.706,41.4759,35.6382,5202.479673,0.707446621,26.60652961
RANDOM,126.3085,41.9512,23.8781,5062.168651,0.693773765,26.00627016
RANDOM,149.3956,56.4768,38.0182,5261.647505,0.711123418,26.88786382
RANDOM,128.4153,40.59,31.1789,5090.692328,0.696653507,26.12269236
RANDOM,146.3398,56.1282,37.983,5245.358689,0.709571845,26.81655483
RANDOM,130.0083,49.5075,21.151,5094.272198,0.695913358,26.16069193
RANDOM,121.4589,42.1654,33.8268,5068.725841,0.694232357,26.02821337
RANDOM,149.9113,40.1839,34.4696,5206.146862,0.708006339,26.62101786
RANDOM,141.0109,55.2878,28.7718,5188.678499,0.704263048,26.57537308
RANDOM,144.2829,43.5935,23.8266,5156.014147,0.702768178,26.41664594
RANDOM,128.2066,49.1753,37.4669,5133.57705,0.699567344,26.31946207
RANDOM,130.7209,45.038,20.9961,5084.351383,0.695566778,26.10995386
RANDOM,146.7701,58.6031,37.2612,5252.511094,0.70993946,26.85241352
RANDOM,142.0616,41.3801,38.562,5183.000836,0.705499741,26.51975613
RANDOM,121.3181,45.6139,33.4833,5077.014171,0.694569313,26.07043415
RANDOM,139.9462,53.1454,25.8962,5168.492308,0.70262419,26.4859938
RANDOM,149.6332,56.3775,39.8372,5268.025081,0.71173565,26.91412147
RANDOM,133.2263,59.5118,32.738,5174.275564,0.702193627,26.51742479
RANDOM,121.7708,42.8117,31.841,5066.162839,0.693921035,26.01958538
RANDOM,146.9077,44.5794,34.3053,5203.516942,0.70713473,26.6173523
RANDOM,122.3408,50.0636,27.3712,5076.588294,0.69399993,26.08055869
RANDOM,138.5062,43.2536,27.716,5138.081634,0.700992343,26.33549266
RANDOM,137.9129,49.7387,22.0348,5136.84954,0.700051861,26.34535537
RANDOM,143.3937,53.5819,35.9726,5217.26874,0.707199183,26.69155455
RANDOM,130.5133,53.614,34.2613,5148.260142,0.700438955,26.39315587
RANDOM,148.855,54.3432,32.5758,5236.346253,0.709020809,26.77807026
RANDOM,144.8209,57.2513,35.2732,5232.909384,0.708233399,26.76633056
RANDOM,141.5375,54.7924,22.6166,5171.286508,0.702719502,26.50326404
RANDOM,136.2311,43.5875,38.7845,5161.144605,0.703038902,26.42853675
RANDOM,140.672,41.2402,31.2179,5153.543739,0.702739202,26.3967019
RANDOM,130.095,46.7892,36.438,5132.912383,0.699852372,26.31314245
RANDOM,133.5053,47.1954,26.0773,5119.770834,0.698666185,26.26397346
RANDOM,135.1678,54.4895,25.4394,5147.300579,0.700360233,26.39663045
RANDOM,128.2428,43.5016,33.6644,5105.79597,0.69769119,26.1916103
RANDOM,121.3935,47.2261,31.7966,5076.986818,0.694367224,26.07428754
RANDOM,146.2235,49.9887,21.6861,5177.779326,0.70404511,26.52375258
RANDOM,137.7467,51.7674,23.0394,5144.951326,0.700548238,26.38336328
RANDOM,132.945,40.9276,37.1933,5132.30111,0.700601522,26.29977628
RANDOM,132.4012,47.9856,31.9494,5134.298975,0.699891397,26.32435618
RANDOM,148.2925,51.5471,32.2595,5224.472729,0.708250434,26.72187386
RANDOM,136.276,44.3099,27.5162,5129.478193,0.700001919,26.3001103
RANDOM,134.1194,51.5559,30.6891,5149.404274,0.700895666,26.3970245
RANDOM,129.5088,42.2351,33.0182,5106.450203,0.697943021,26.19269798
RANDOM,143.0285,48.6554,32.4038,5190.371783,0.705301599,26.56867833
RANDOM,122.085,55.9912,25.6441,5087.33808,0.69425323,26.13873601
RANDOM,146.0776,49.7427,39.4748,5229.996807,0.70893307,26.73771872
RANDOM,130.0607,55.8668,24.1821,5122.159057,0.69771596,26.29072973
RANDOM,147.0542,43.4464,23.6279,5168.744345,0.704043091,26.47180376
RANDOM,136.9314,44.4414,24.4495,5123.863693,0.699479725,26.27808744
RANDOM,120.9492,49.2174,24.714,5059.205625,0.692451631,26.00545399
RANDOM,134.7238,56.7097,28.228,5159.961091,0.70124989,26.45352813
RANDOM,134.3417,47.03,32.1458,5141.746745,0.700754183,26.3548979
RANDOM,148.7575,55.255,32.9976,5239.784776,0.709224437,26.79429285
RANDOM,138.9683,50.4732,20.5841,5139.847777,0.700266389,26.36065691
RANDOM,139.6942,56.7679,25.3651,5176.168508,0.702879549,26.52598922
RANDOM,144.7127,50.8683,21.9775,5173.715115,0.703517881,26.50743211
RANDOM,132.4901,50.6639,28.3655,5131.714759,0.699318397,26.32027643
RANDOM,148.0588,40.2211,28.4483,5178.89664,0.70541717,26.50693633
RANDOM,123.4202,56.8967,38.0454,5134.004653,0.698518732,26.33433804
RANDOM,148.4318,57.1264,32.7082,5242.73443,0.709256743,26.81055394
RANDOM,141.4098,40.744,23.828,5133.473573,0.700951889,26.31381906
RANDOM,129.8069,49.4423,33.9983,5131.834738,0.699413048,26.31476689
RANDOM,129.1357,56.9273,25.8334,5125.630559,0.697882736,26.30650112
RANDOM,137.1089,43.2374,24.6221,5121.765907,0.699439489,26.26676626
RANDOM,124.8773,46.1925,26.2529,5074.554928,0.694359846,26.06577699
RANDOM,144.7166,42.0597,28.6835,5168.359019,0.704120248,26.46421356
RANDOM,122.413,40.6472,26.3038,5046.357402,0.692364399,25.9336672
RANDOM,138.1189,56.141,27.2924,5172.339755,0.702560854,26.50693793
RANDOM,132.4797,55.2523,22.3535,5126.865516,0.698293264,26.31136596
RANDOM,122.2449,57.0995,29.934,5104.293022,0.695697194,26.2113065
RANDOM,124.2541,53.0161,25.3688,5088.627975,0.694801059,26.13935679
