sample_type,N_rate,P_rate,K_rate,Zn_rate,global_warming,freshwater_eutrophication,terrestrial_acidification,terrestrial_ecotoxicity
OAT_N,149.7782,50,30,20,5216.649236,0.412580407,26.67139777,13641.89197
OAT_N,124.2129,50,30,20,5089.739653,0.375037758,26.12034495,13509.29128
OAT_N,147.9985,50,30,20,5207.814567,0.409966917,26.63303683,13632.66112
OAT_N,128.2661,50,30,20,5109.860282,0.380989884,26.20771053,13530.31419
OAT_N,135.5507,50,30,20,5146.022015,0.39168732,26.36472802,13568.09755
OAT_N,146.2611,50,30,20,5199.18988,0.407415545,26.59558767,13623.64967
OAT_N,134.3309,50,30,20,5139.966764,0.389896044,26.33843558,13561.77076
OAT_N,133.5941,50,30,20,5136.30919,0.388814053,26.32255406,13557.94917
OAT_N,143.9604,50,30,20,5187.768896,0.404036967,26.54599673,13611.71652
OAT_N,147.2234,50,30,20,5203.966866,0.408828683,26.61632977,13628.64087
OAT_N,132.9032,50,30,20,5132.879469,0.387799466,26.30766191,13554.36565
OAT_N,134.0916,50,30,20,5138.778847,0.389544632,26.33327753,13560.52957
OAT_N,139.4036,50,30,20,5165.148328,0.397345305,26.44777619,13588.08156
OAT_N,138.5007,50,30,20,5160.666211,0.396019396,26.42831444,13583.39845
OAT_N,144.1642,50,30,20,5188.780586,0.404336247,26.55038958,13612.77358
OAT_N,142.7144,50,30,20,5181.583584,0.402207215,26.51913955,13605.25384
OAT_N,143.2007,50,30,20,5183.997643,0.402921347,26.52962161,13607.77615
OAT_N,139.8014,50,30,20,5167.123061,0.397929474,26.45635066,13590.14485
OAT_N,120.4277,50,30,20,5070.949411,0.369479191,26.03875603,13489.65841
OAT_N,126.2306,50,30,20,5099.755787,0.378000751,26.1638359,13519.75657
OAT_N,130.9081,50,30,20,5122.975525,0.384869661,26.26465809,13544.01757
OAT_N,123.5739,50,30,20,5086.567571,0.374099387,26.10657148,13505.97695
OAT_N,146.1556,50,30,20,5198.666163,0.407260618,26.59331365,13623.10246
OAT_N,121.8406,50,30,20,5077.963237,0.371554035,26.06921069,13496.98676
OAT_N,138.4697,50,30,20,5160.512323,0.395973872,26.42764624,13583.23766
OAT_N,121.9331,50,30,20,5078.422419,0.371689872,26.0712045,13497.46653
OAT_N,148.771,50,30,20,5211.64936,0.411101334,26.64968785,13636.66788
OAT_N,141.7699,50,30,20,5176.894959,0.400820217,26.49878112,13600.35496
OAT_N,143.3801,50,30,20,5184.888208,0.403184796,26.53348853,13608.70665
OAT_N,137.7904,50,30,20,5157.140187,0.39497632,26.41300412,13579.71431
OAT_N,148.8821,50,30,20,5212.200876,0.411264484,26.65208258,13637.24413
OAT_N,126.1228,50,30,20,5099.220653,0.377842447,26.1615123,13519.19744
OAT_N,123.7525,50,30,20,5087.454165,0.374361661,26.11042115,13506.9033
OAT_N,125.9121,50,30,20,5098.17471,0.377533034,26.15697072,13518.10459
OAT_N,146.6118,50,30,20,5200.930801,0.407930548,26.60314691,13625.46866
OAT_N,146.8101,50,30,20,5201.915189,0.408221752,26.60742121,13626.49719
OAT_N,123.5161,50,30,20,5086.280644,0.374014508,26.10532562,13505.67715
OAT_N,124.6661,50,30,20,5091.989398,0.375703283,26.13011354,13511.64191
OAT_N,126.6837,50,30,20,5102.005036,0.378666129,26.17360234,13522.10668
OAT_N,130.6858,50,30,20,5121.871998,0.384543214,26.25986648,13542.86456
OAT_N,131.6714,50,30,20,5126.764649,0.385990567,26.28111081,13547.97661
OAT_N,146.2344,50,30,20,5199.057337,0.407376336,26.59501216,13623.51118
OAT_N,122.6464,50,30,20,5081.963336,0.372737353,26.08657948,13501.16624
OAT_N,125.643,50,30,20,5096.838861,0.377137861,26.15117035,13516.70884
OAT_N,132.0102,50,30,20,5128.446497,0.386488095,26.28841354,13549.73388
OAT_N,131.5383,50,30,20,5126.103922,0.38579511,26.27824187,13547.28626
OAT_N,135.8893,50,30,20,5147.702871,0.392184554,26.37202645,13569.85378
OAT_N,122.3982,50,30,20,5080.731238,0.372372871,26.0812296,13499.87889
OAT_N,122.2419,50,30,20,5079.955344,0.372143345,26.0778606,13499.0682
OAT_N,129.8354,50,30,20,5117.650498,0.383294401,26.24153635,13538.45375
OAT_N,149.6962,50,30,20,5216.242177,0.41245999,26.66963028,13641.46665
OAT_N,138.451,50,30,20,5160.419494,0.395946411,26.42724317,13583.14067
OAT_N,146.6589,50,30,20,5201.164612,0.407999714,26.60416213,13625.71295
OAT_N,120.9101,50,30,20,5073.34411,0.370187596,26.04915403,13492.16049
OAT_N,140.0868,50,30,20,5168.539825,0.398348584,26.46250238,13591.62515
OAT_N,123.0397,50,30,20,5083.91573,0.373314914,26.09505695,13503.20619
OAT_N,124.126,50,30,20,5089.308269,0.374910146,26.11847184,13508.84055
OAT_N,129.7224,50,30,20,5117.089551,0.38312846,26.23910066,13537.86765
OAT_N,127.7718,50,30,20,5107.40651,0.380264004,26.19705603,13527.75038
OAT_N,137.4601,50,30,20,5155.500533,0.394491275,26.4058846,13578.00112
OAT_N,144.1001,50,30,20,5188.462385,0.404242116,26.54900792,13612.44111
OAT_N,149.5685,50,30,20,5215.608257,0.412272463,26.66687774,13640.80431
OAT_N,127.5356,50,30,20,5106.233982,0.379917144,26.19196481,13526.52527
OAT_N,141.9176,50,30,20,5177.628162,0.401037114,26.50196475,13601.12104
OAT_N,141.608,50,30,20,5176.091266,0.400582467,26.49529141,13599.51522
OAT_N,126.3065,50,30,20,5100.132564,0.378112211,26.1654719,13520.15024
OAT_N,133.7019,50,30,20,5136.844323,0.388972357,26.32487766,13558.5083
OAT_N,149.6608,50,30,20,5216.066447,0.412408005,26.66886724,13641.28304
OAT_N,130.0423,50,30,20,5118.677577,0.383598234,26.24599602,13539.52689
OAT_N,123.6061,50,30,20,5086.727416,0.374146673,26.10726554,13506.14396
OAT_N,133.1168,50,30,20,5133.939808,0.388113138,26.312266,13555.47353
OAT_N,141.6096,50,30,20,5176.099209,0.400584816,26.4953259,13599.52352
OAT_N,133.6987,50,30,20,5136.828438,0.388967658,26.32480869,13558.4917
OAT_N,140.6681,50,30,20,5171.425476,0.399202223,26.47503213,13594.6402
OAT_N,142.186,50,30,20,5178.960536,0.40143126,26.50775004,13602.51316
OAT_N,141.0437,50,30,20,5173.290005,0.399753792,26.48312809,13596.58834
OAT_N,141.7282,50,30,20,5176.687955,0.40075898,26.49788229,13600.13867
OAT_N,133.4182,50,30,20,5135.435999,0.388555744,26.31876259,13557.03682
OAT_N,147.6006,50,30,20,5205.839337,0.409382601,26.62446021,13630.59731
OAT_N,126.994,50,30,20,5103.545407,0.379121804,26.18029077,13523.71613
OAT_N,127.7337,50,30,20,5107.217377,0.380208054,26.1962348,13527.55277
OAT_N,131.0107,50,30,20,5123.484845,0.385020329,26.2668696,13544.54973
OAT_N,140.3803,50,30,20,5169.996798,0.398779589,26.46882869,13593.14746
OAT_N,131.6136,50,30,20,5126.477722,0.385905688,26.27986494,13547.67682
OAT_N,121.4704,50,30,20,5076.125514,0.371010397,26.06123113,13495.06663
OAT_N,125.2841,50,30,20,5095.057233,0.376610816,26.14343436,13514.84732
OAT_N,122.4993,50,30,20,5081.233112,0.372521337,26.08340878,13500.40327
OAT_N,138.3525,50,30,20,5159.930527,0.395801764,26.42512003,13582.62977
OAT_N,129.4183,50,30,20,5115.579958,0.38268189,26.23254587,13536.29036
OAT_N,123.3278,50,30,20,5085.345897,0.373737989,26.10126687,13504.70049
OAT_N,122.4828,50,30,20,5081.151204,0.372497106,26.08305313,13500.31769
OAT_N,147.9035,50,30,20,5207.342974,0.40982741,26.63098914,13632.16838
OAT_N,124.0198,50,30,20,5088.781078,0.374754191,26.11618273,13508.28971
OAT_N,122.9282,50,30,20,5083.362229,0.373151176,26.0926536,13502.62786
OAT_N,125.1461,50,30,20,5094.372183,0.376408163,26.14045981,13514.13155
OAT_N,134.9059,50,30,20,5142.821141,0.390740431,26.35082954,13564.75314
OAT_N,127.0539,50,30,20,5103.842758,0.379209768,26.1815819,13524.02682
OAT_N,144.2722,50,30,20,5189.316713,0.404494845,26.55271749,13613.33375
OAT_N,143.0895,50,30,20,5183.445631,0.40275805,26.52722473,13607.19939
OAT_N,125.5362,50,30,20,5096.308692,0.376981025,26.1488683,13516.15489
OAT_N,127.6059,50,30,20,5106.582961,0.38002038,26.1934801,13526.8899
OAT_N,148.1813,50,30,20,5208.72201,0.410235359,26.63697704,13633.60925
OAT_N,149.2571,50,30,20,5214.062426,0.411815172,26.6601656,13639.18915
OAT_N,136.8585,50,30,20,5152.51411,0.393607825,26.39291728,13574.88078
OAT_N,145.8774,50,30,20,5197.285141,0.406852081,26.58731712,13621.65951
OAT_N,131.743,50,30,20,5127.120081,0.386095712,26.28265412,13548.34798
OAT_N,142.4145,50,30,20,5180.09484,0.401766812,26.51267529,13603.69833
OAT_N,125.2848,50,30,20,5095.060708,0.376611844,26.14344945,13514.85095
OAT_N,129.6617,50,30,20,5116.788228,0.383039322,26.23779229,13537.55281
OAT_N,132.4621,50,30,20,5130.68979,0.38715171,26.29815412,13552.07777
OAT_N,125.5083,50,30,20,5096.170192,0.376940054,26.14826693,13516.01018
OAT_N,148.2923,50,30,20,5209.273029,0.410398363,26.63936961,13634.18498
OAT_N,138.7656,50,30,20,5161.981211,0.396408402,26.43402428,13584.77242
OAT_N,124.6422,50,30,20,5091.870756,0.375668186,26.12959839,13511.51794
OAT_N,139.3392,50,30,20,5164.828638,0.397250733,26.44638807,13587.74754
OAT_N,134.6546,50,30,20,5141.573654,0.390371397,26.34541284,13563.44971
OAT_N,137.5465,50,30,20,5155.929434,0.394618153,26.40774693,13578.44926
OAT_N,129.7845,50,30,20,5117.397824,0.383219654,26.24043921,13538.18974
OAT_N,132.4895,50,30,20,5130.825807,0.387191947,26.29874472,13552.21989
OAT_N,121.2735,50,30,20,5075.148076,0.370721249,26.05698701,13494.04536
OAT_N,135.3211,50,30,20,5144.88225,0.391350153,26.35977906,13566.90668
OAT_N,135.8512,50,30,20,5147.513737,0.392128605,26.37120521,13569.65617
OAT_N,123.5435,50,30,20,5086.416661,0.374054744,26.10591622,13505.81927
OAT_N,132.3161,50,30,20,5129.965026,0.386937309,26.29500713,13551.32051
OAT_N,131.8923,50,30,20,5127.861226,0.386314959,26.28587224,13549.12236
OAT_N,127.5547,50,30,20,5106.328797,0.379945193,26.1923765,13526.62434
OAT_N,120.5048,50,30,20,5071.332146,0.369592413,26.0404179,13490.05831
OAT_N,142.8727,50,30,20,5182.369407,0.402439679,26.52255166,13606.0749
OAT_N,132.6721,50,30,20,5131.732258,0.387460096,26.30268061,13553.16699
OAT_N,120.1153,50,30,20,5069.398616,0.369020432,26.03202234,13488.03807
OAT_N,128.7196,50,30,20,5112.111517,0.381655848,26.21748559,13532.66638
OAT_N,121.0542,50,30,20,5074.059442,0.370399207,26.05226006,13492.9079
OAT_N,135.5891,50,30,20,5146.212638,0.391743711,26.36555572,13568.29672
OAT_N,120.7819,50,30,20,5072.707708,0.369999334,26.04639071,13491.49555
OAT_N,142.2444,50,30,20,5179.250441,0.40151702,26.50900883,13602.81607
OAT_N,121.8218,50,30,20,5077.869911,0.371526428,26.06880546,13496.88925
OAT_N,142.3675,50,30,20,5179.861526,0.401697793,26.51166222,13603.45456
OAT_N,122.4615,50,30,20,5081.045468,0.372465827,26.08259401,13500.20721
OAT_N,139.3761,50,30,20,5165.011815,0.397304921,26.44718344,13587.93893
OAT_N,124.7385,50,30,20,5092.348802,0.375809602,26.13167411,13512.01743
OAT_N,147.1259,50,30,20,5203.482863,0.408685504,26.61422819,13628.13516
OAT_N,128.9538,50,30,20,5113.274117,0.381999771,26.22253371,13533.88111
OAT_N,123.8421,50,30,20,5087.898952,0.374493239,26.11235246,13507.36803
OAT_N,140.9442,50,30,20,5172.796074,0.399607676,26.48098339,13596.07226
OAT_N,141.5243,50,30,20,5175.675768,0.400459553,26.49348728,13599.08109
OAT_N,147.2585,50,30,20,5204.141107,0.408880227,26.61708634,13628.82293
OAT_N,120.3605,50,30,20,5070.615822,0.369380508,26.03730755,13489.30986
OAT_N,120.5039,50,30,20,5071.327678,0.369591091,26.0403985,13490.05364
OAT_N,126.9613,50,30,20,5103.38308,0.379073784,26.17958593,13523.54653
OAT_N,128.4603,50,30,20,5110.824317,0.381275066,26.21189645,13531.32146
OAT_N,126.239,50,30,20,5099.797485,0.378013087,26.16401696,13519.80014
OAT_N,121.5051,50,30,20,5076.29777,0.371061354,26.06197908,13495.24661
OAT_N,149.4792,50,30,20,5215.16496,0.412141326,26.6649529,13640.34113
OAT_N,124.9199,50,30,20,5093.249296,0.376075988,26.13558413,13512.9583
OAT_N,130.2079,50,30,20,5119.499638,0.383841417,26.24956548,13540.38581
OAT_N,142.816,50,30,20,5182.08794,0.402356415,26.52132951,13605.78081
OAT_N,129.2305,50,30,20,5114.647693,0.382406105,26.2284979,13535.31629
OAT_N,126.1536,50,30,20,5099.373548,0.377887677,26.16217619,13519.35719
OAT_N,132.5074,50,30,20,5130.914665,0.387218234,26.29913055,13552.31273
OAT_N,145.891,50,30,20,5197.352653,0.406872053,26.58761027,13621.73005
OAT_N,124.2762,50,30,20,5090.053882,0.375130715,26.12170936,13509.6196
OAT_N,143.9088,50,30,20,5187.512746,0.403961192,26.54488451,13611.44889
OAT_N,148.7749,50,30,20,5211.66872,0.411107061,26.64977192,13636.68811
OAT_N,141.9144,50,30,20,5177.612277,0.401032415,26.50189578,13601.10444
OAT_N,132.2795,50,30,20,5129.783339,0.386883562,26.29421823,13551.13067
OAT_N,121.7338,50,30,20,5077.433067,0.3713972,26.06690865,13496.43282
OAT_N,134.7404,50,30,20,5141.999577,0.390497395,26.34726223,13563.89473
OAT_N,124.1779,50,30,20,5089.565908,0.374986361,26.11959053,13509.10974
OAT_N,131.8193,50,30,20,5127.498844,0.386207759,26.28429875,13548.74373
OAT_N,135.4917,50,30,20,5145.729131,0.391600679,26.36345629,13567.79153
OAT_N,139.5005,50,30,20,5165.629353,0.397487602,26.44986485,13588.58416
OAT_N,139.5758,50,30,20,5166.003152,0.39759818,26.45148792,13588.97472
OAT_N,123.8652,50,30,20,5088.013623,0.374527161,26.11285037,13507.48784
OAT_N,127.8531,50,30,20,5107.810095,0.380383393,26.19880843,13528.17206
OAT_N,120.49,50,30,20,5071.258677,0.369570679,26.04009889,13489.98154
OAT_N,120.16,50,30,20,5069.620513,0.369086074,26.03298583,13488.26992
OAT_N,131.1306,50,30,20,5124.080045,0.385196402,26.26945402,13545.17162
OAT_N,124.6941,50,30,20,5092.128394,0.375744401,26.13071708,13511.78714
OAT_N,127.3672,50,30,20,5105.398022,0.379669849,26.18833499,13525.65183
OAT_N,136.3601,50,30,20,5150.039985,0.392875924,26.38217441,13572.2957
OAT_N,131.4131,50,30,20,5125.482413,0.385611254,26.27554322,13546.63688
OAT_N,120.4252,50,30,20,5070.937001,0.36947552,26.03870214,13489.64544
OAT_N,120.3189,50,30,20,5070.409314,0.369319419,26.03641088,13489.09409
OAT_N,124.8937,50,30,20,5093.119235,0.376037513,26.1350194,13512.82241
OAT_N,133.2785,50,30,20,5134.742509,0.388350594,26.31575139,13556.31223
OAT_N,120.0031,50,30,20,5068.84164,0.368855666,26.0296039,13487.45612
OAT_N,126.927,50,30,20,5103.21281,0.379023415,26.17884661,13523.36862
OAT_N,136.497,50,30,20,5150.719575,0.393076962,26.38512525,13573.00577
OAT_N,125.1809,50,30,20,5094.544935,0.376459267,26.14120991,13514.31204
OAT_N,145.3132,50,30,20,5194.484377,0.406023554,26.57515595,13618.73315
OAT_N,133.2641,50,30,20,5134.671025,0.388329448,26.31544101,13556.23754
OAT_N,138.2834,50,30,20,5159.587505,0.395700291,26.4236306,13582.27137
OAT_N,135.9415,50,30,20,5147.961999,0.39226121,26.37315161,13570.12453
OAT_N,131.4499,50,30,20,5125.665093,0.385665295,26.27633644,13546.82775
OAT_N,147.1526,50,30,20,5203.615405,0.408724713,26.6148037,13628.27365
OAT_N,144.451,50,30,20,5190.2043,0.404757413,26.55657147,13614.26114
OAT_N,127.6643,50,30,20,5106.872866,0.38010614,26.1947389,13527.19281
OAT_N,137.3146,50,30,20,5154.778252,0.394277608,26.40274839,13577.24645
OAT_N,134.6211,50,30,20,5141.407356,0.390322202,26.34469076,13563.27595
OAT_N,148.1603,50,30,20,5208.617763,0.410204521,26.63652439,13633.50033
OAT_P,135,58.4499,30,20,5167.848704,0.399328066,26.47418824,13600.4629
OAT_P,135,59.6532,30,20,5171.346209,0.400531301,26.49146618,13605.47862
OAT_P,135,48.0556,30,20,5137.636683,0.388934321,26.32493859,13557.13638
OAT_P,135,58.9343,30,20,5169.256658,0.39981244,26.48114364,13602.48203
OAT_P,135,45.593,30,20,5130.478902,0.386471853,26.28957862,13546.87153
OAT_P,135,47.766,30,20,5136.794933,0.388644737,26.32078029,13555.92924
OAT_P,135,55.4124,30,20,5159.019921,0.396290728,26.43057339,13587.8017
OAT_P,135,42.8049,30,20,5122.375024,0.383683902,26.24954486,13535.2499
OAT_P,135,49.9489,30,20,5143.139739,0.39082752,26.3521241,13565.02821
OAT_P,135,58.9896,30,20,5169.417393,0.399867737,26.48193768,13602.71253
OAT_P,135,44.5831,30,20,5127.543532,0.385462007,26.27507767,13542.66196
OAT_P,135,55.8913,30,20,5160.41189,0.396769602,26.43744982,13589.7979
OAT_P,135,54.3925,30,20,5156.055485,0.395270882,26.41592885,13583.55046
OAT_P,135,41.1282,30,20,5117.501537,0.382007291,26.22546946,13528.26092
OAT_P,135,44.147,30,20,5126.275966,0.38502593,26.2688158,13540.84417
OAT_P,135,41.8507,30,20,5119.601551,0.382729753,26.2358437,13531.27251
OAT_P,135,40.2529,30,20,5114.957394,0.381132038,26.21290121,13524.61241
OAT_P,135,44.2418,30,20,5126.551511,0.385120725,26.27017701,13541.23933
OAT_P,135,55.1954,30,20,5158.38919,0.39607374,26.42745753,13586.89718
OAT_P,135,52.8895,30,20,5151.686873,0.393767963,26.39434758,13577.28551
OAT_P,135,43.3649,30,20,5124.002718,0.384243872,26.25758579,13537.58415
OAT_P,135,49.6379,30,20,5142.235788,0.390516537,26.34765852,13563.73187
OAT_P,135,51.1879,30,20,5146.74101,0.392066454,26.36991465,13570.19273
OAT_P,135,42.4137,30,20,5121.237964,0.383292723,26.2439277,13533.61926
OAT_P,135,56.1565,30,20,5161.182719,0.397034788,26.44125777,13590.90333
OAT_P,135,41.2288,30,20,5117.79394,0.382107886,26.22691396,13528.68025
OAT_P,135,43.7183,30,20,5125.029908,0.384597253,26.26266018,13539.05722
OAT_P,135,43.6387,30,20,5124.798543,0.384517657,26.26151722,13538.72543
OAT_P,135,45.2037,30,20,5129.347365,0.386082573,26.28398874,13545.24881
OAT_P,135,45.0718,30,20,5128.963985,0.38595068,26.28209482,13544.69901
OAT_P,135,51.8446,30,20,5148.649771,0.392723119,26.37934408,13572.93005
OAT_P,135,54.7877,30,20,5157.204171,0.395666061,26.42160345,13585.19777
OAT_P,135,45.1336,30,20,5129.143612,0.386012477,26.28298219,13544.95661
OAT_P,135,52.6094,30,20,5150.872735,0.393487878,26.39032568,13576.11797
OAT_P,135,57.2769,30,20,5164.439268,0.398155128,26.45734537,13595.57349
OAT_P,135,56.1669,30,20,5161.212947,0.397045188,26.4414071,13590.94668
OAT_P,135,55.209,30,20,5158.42872,0.396087339,26.42765281,13586.95387
OAT_P,135,40.2012,30,20,5114.807123,0.381080341,26.21215886,13524.3969
OAT_P,135,55.4334,30,20,5159.08096,0.396311727,26.43087493,13587.88924
OAT_P,135,47.6788,30,20,5136.541478,0.388557541,26.3195282,13555.56576
OAT_P,135,51.3273,30,20,5147.14619,0.392205846,26.37191627,13570.77379
OAT_P,135,45.8659,30,20,5131.272112,0.386744738,26.29349714,13548.00906
OAT_P,135,58.2957,30,20,5167.400507,0.399173874,26.47197411,13599.82015
OAT_P,135,45.5877,30,20,5130.463497,0.386466553,26.28950252,13546.84944
OAT_P,135,54.954,30,20,5157.687538,0.395832352,26.42399132,13585.89096
OAT_P,135,51.0759,30,20,5146.415472,0.39195446,26.36830647,13569.72588
OAT_P,135,50.6404,30,20,5145.14965,0.391518983,26.36205321,13567.91059
OAT_P,135,52.405,30,20,5150.278627,0.393283489,26.38739075,13575.26597
OAT_P,135,51.0083,30,20,5146.218986,0.391886863,26.36733581,13569.44411
OAT_P,135,47.8782,30,20,5137.121053,0.388756931,26.32239134,13556.39692
OAT_P,135,46.7948,30,20,5133.972048,0.387673588,26.30683502,13551.88099
OAT_P,135,46.9659,30,20,5134.469366,0.387844679,26.30929181,13552.59418
OAT_P,135,44.6494,30,20,5127.736239,0.385528303,26.27602966,13542.93832
OAT_P,135,52.2466,30,20,5149.818223,0.393125097,26.38511631,13574.60571
OAT_P,135,58.311,30,20,5167.444977,0.399189173,26.4721938,13599.88393
OAT_P,135,40.0096,30,20,5114.250219,0.380888751,26.20940771,13523.59826
OAT_P,135,49.1184,30,20,5140.725812,0.389997064,26.34019912,13561.56644
OAT_P,135,59.8865,30,20,5172.024318,0.400764589,26.49481609,13606.45108
OAT_P,135,53.5352,30,20,5153.563661,0.394413628,26.40361906,13579.97698
OAT_P,135,53.0464,30,20,5152.142917,0.393924854,26.39660048,13577.93951
OAT_P,135,41.562,30,20,5118.762417,0.382441068,26.23169831,13530.06912
OAT_P,135,41.3474,30,20,5118.138662,0.382226479,26.22861691,13529.17461
OAT_P,135,43.5584,30,20,5124.565144,0.384437361,26.26036421,13538.39071
OAT_P,135,52.9719,30,20,5151.926376,0.393850358,26.39553075,13577.62897
OAT_P,135,50.9369,30,20,5146.011455,0.391815467,26.3663106,13569.14649
OAT_P,135,40.8996,30,20,5116.837089,0.381778703,26.22218704,13527.30804
OAT_P,135,47.5,30,20,5136.021779,0.388378751,26.31696085,13554.82047
OAT_P,135,41.8502,30,20,5119.600098,0.382729253,26.23583652,13531.27043
OAT_P,135,47.3265,30,20,5135.517484,0.38820526,26.3144696,13554.09727
OAT_P,135,59.9486,30,20,5172.204817,0.400826686,26.49570777,13606.70993
OAT_P,135,42.271,30,20,5120.823193,0.38315003,26.2418787,13533.02445
OAT_P,135,54.2131,30,20,5155.534042,0.395091492,26.41335289,13582.80266
OAT_P,135,43.9348,30,20,5125.659186,0.384813741,26.26576886,13539.95966
OAT_P,135,58.0488,30,20,5166.682868,0.398926987,26.46842892,13598.791
OAT_P,135,58.2265,30,20,5167.19937,0.399104678,26.47098048,13599.53171
OAT_P,135,47.1262,30,20,5134.935294,0.388004971,26.31159353,13553.26236
OAT_P,135,47.7585,30,20,5136.773134,0.388637237,26.3206726,13555.89797
OAT_P,135,48.1843,30,20,5138.010762,0.389063014,26.32678657,13557.67284
OAT_P,135,47.0748,30,20,5134.785895,0.387953573,26.31085549,13553.04811
OAT_P,135,50.737,30,20,5145.430427,0.391615578,26.36344027,13568.31325
OAT_P,135,42.732,30,20,5122.163134,0.383611006,26.2484981,13534.94603
OAT_P,135,45.2467,30,20,5129.472348,0.386125571,26.28460617,13545.42805
OAT_P,135,56.9067,30,20,5163.363246,0.397784948,26.45202974,13594.03039
OAT_P,135,58.3945,30,20,5167.687678,0.399272669,26.47339276,13600.23198
OAT_P,135,52.9069,30,20,5151.737447,0.393785362,26.39459743,13577.35803
OAT_P,135,58.9448,30,20,5169.287177,0.399822939,26.48129441,13602.52579
OAT_P,135,47.4593,30,20,5135.90348,0.388338053,26.31637644,13554.65082
OAT_P,135,54.0193,30,20,5154.970744,0.394897702,26.41057015,13581.99485
OAT_P,135,52.5707,30,20,5150.76025,0.39344918,26.38977,13575.95665
OAT_P,135,53.5878,30,20,5153.716548,0.394466225,26.40437433,13580.19623
OAT_P,135,48.4386,30,20,5138.749909,0.389317301,26.33043801,13558.73283
OAT_P,135,44.8196,30,20,5128.230941,0.385698494,26.27847353,13543.64777
OAT_P,135,55.1147,30,20,5158.154628,0.395993044,26.42629878,13586.5608
OAT_P,135,52.3387,30,20,5150.08592,0.393217192,26.38643876,13574.98961
OAT_P,135,54.7522,30,20,5157.100987,0.395630563,26.42109371,13585.04979
OAT_P,135,53.4693,30,20,5153.372116,0.394347732,26.40267281,13579.70228
OAT_P,135,58.0592,30,20,5166.713097,0.398937387,26.46857826,13598.83435
OAT_P,135,48.3761,30,20,5138.568247,0.389254804,26.32954059,13558.47231
OAT_P,135,57.1518,30,20,5164.075653,0.398030035,26.45554908,13595.05204
OAT_P,135,44.5741,30,20,5127.517372,0.385453007,26.27494844,13542.62445
OAT_P,135,55.4067,30,20,5159.003354,0.396285028,26.43049155,13587.77794
OAT_P,135,42.1463,30,20,5120.460741,0.383025337,26.24008816,13532.50466
OAT_P,135,42.4733,30,20,5121.411198,0.383352319,26.24478348,13533.86769
OAT_P,135,52.7395,30,20,5151.250883,0.393617971,26.39219376,13576.66026
OAT_P,135,51.0701,30,20,5146.398614,0.39194866,26.36822319,13569.70171
OAT_P,135,46.2879,30,20,5132.498695,0.387166716,26.29955655,13549.76808
OAT_P,135,48.7308,30,20,5139.599216,0.389609485,26.33463365,13559.95081
OAT_P,135,51.3259,30,20,5147.142121,0.392204446,26.37189617,13570.76796
OAT_P,135,42.2938,30,20,5120.889464,0.383172829,26.24220608,13533.11948
OAT_P,135,47.5338,30,20,5136.120022,0.388412549,26.31744617,13554.96136
OAT_P,135,57.593,30,20,5165.358042,0.398471211,26.46188418,13596.89109
OAT_P,135,47.4827,30,20,5135.971495,0.388361452,26.31671244,13554.74836
OAT_P,135,56.8412,30,20,5163.172864,0.397719452,26.45108924,13593.75737
OAT_P,135,42.9903,30,20,5122.913907,0.383869292,26.25220698,13536.0227
OAT_P,135,45.5029,30,20,5130.217018,0.386381757,26.28828489,13546.49596
OAT_P,135,56.7221,30,20,5162.826689,0.397600358,26.44937911,13593.26092
OAT_P,135,47.6861,30,20,5136.562696,0.388564841,26.31963302,13555.59619
OAT_P,135,56.7422,30,20,5162.885111,0.397620457,26.44966772,13593.3447
OAT_P,135,41.7754,30,20,5119.382685,0.382654457,26.23476248,13530.95864
OAT_P,135,49.4923,30,20,5141.812588,0.390370944,26.34556788,13563.12497
OAT_P,135,45.6008,30,20,5130.501573,0.386479652,26.28969062,13546.90404
OAT_P,135,52.0863,30,20,5149.352295,0.392964806,26.3828146,13573.93753
OAT_P,135,44.6858,30,20,5127.842039,0.385564701,26.27655232,13543.09005
OAT_P,135,43.1924,30,20,5123.50133,0.384071381,26.25510889,13536.86511
OAT_P,135,51.1407,30,20,5146.603819,0.392019256,26.36923692,13569.99599
OAT_P,135,50.6401,30,20,5145.148778,0.391518683,26.36204891,13567.90934
OAT_P,135,53.0589,30,20,5152.17925,0.393937354,26.39677996,13577.99162
OAT_P,135,56.4528,30,20,5162.043943,0.397331072,26.44551228,13592.1384
OAT_P,135,53.1204,30,20,5152.358005,0.39399885,26.39766303,13578.24797
OAT_P,135,42.5746,30,20,5121.705636,0.383453614,26.24623803,13534.28994
OAT_P,135,51.4446,30,20,5147.487133,0.39232314,26.37360056,13571.26273
OAT_P,135,51.7803,30,20,5148.462877,0.392658822,26.37842081,13572.66203
OAT_P,135,51.9522,30,20,5148.962521,0.392830713,26.38088908,13573.37856
OAT_P,135,40.2139,30,20,5114.844037,0.38109304,26.21234122,13524.44984
OAT_P,135,52.6035,30,20,5150.855586,0.393481978,26.39024097,13576.09337
OAT_P,135,52.2445,30,20,5149.812119,0.393122997,26.38508616,13574.59695
OAT_P,135,52.1036,30,20,5149.40258,0.392982105,26.383063,13574.00964
OAT_P,135,48.9806,30,20,5140.325283,0.389859272,26.33822048,13560.99205
OAT_P,135,51.2327,30,20,5146.871226,0.392111251,26.37055793,13570.37947
OAT_P,135,45.0561,30,20,5128.918351,0.385934981,26.28186938,13544.63357
OAT_P,135,49.3538,30,20,5141.410025,0.390232452,26.34357918,13562.54766
OAT_P,135,58.8399,30,20,5168.982276,0.399718045,26.47978817,13602.08854
OAT_P,135,53.8606,30,20,5154.509467,0.394739011,26.40829141,13581.33334
OAT_P,135,44.1855,30,20,5126.38787,0.385064428,26.26936861,13541.00465
OAT_P,135,40.0099,30,20,5114.251091,0.380889051,26.20941202,13523.59951
OAT_P,135,47.5984,30,20,5136.307788,0.388477145,26.31837375,13555.23063
OAT_P,135,45.9,30,20,5131.371227,0.386778836,26.29398677,13548.15119
OAT_P,135,46.3218,30,20,5132.597228,0.387200614,26.30004331,13549.90938
OAT_P,135,44.8564,30,20,5128.337904,0.385735292,26.27900193,13543.80116
OAT_P,135,51.0247,30,20,5146.266654,0.391903262,26.3675713,13569.51247
OAT_P,135,44.2301,30,20,5126.517504,0.385109025,26.27000902,13541.19056
OAT_P,135,52.1914,30,20,5149.657779,0.3930699,26.38432371,13574.37562
OAT_P,135,43.6396,30,20,5124.801159,0.384518557,26.26153015,13538.72918
OAT_P,135,54.256,30,20,5155.658735,0.39513439,26.41396888,13582.98148
OAT_P,135,52.5461,30,20,5150.688748,0.393424581,26.38941677,13575.85411
OAT_P,135,47.6896,30,20,5136.572869,0.388568341,26.31968327,13555.61078
OAT_P,135,42.8803,30,20,5122.594182,0.383759298,26.25062751,13535.56419
OAT_P,135,48.6045,30,20,5139.232113,0.389483192,26.33282014,13559.42435
OAT_P,135,42.012,30,20,5120.070385,0.382891044,26.23815977,13531.94486
OAT_P,135,41.1673,30,20,5117.615184,0.382046389,26.22603089,13528.4239
OAT_P,135,45.8303,30,20,5131.168637,0.38670914,26.29298596,13547.86066
OAT_P,135,40.5948,30,20,5115.951159,0.38147392,26.21781048,13526.03755
OAT_P,135,54.6163,30,20,5156.705981,0.395494671,26.41914235,13584.48332
OAT_P,135,53.536,30,20,5153.565986,0.394414428,26.40363055,13579.98031
OAT_P,135,44.9354,30,20,5128.567525,0.385814288,26.28013628,13544.13046
OAT_P,135,53.8366,30,20,5154.439709,0.394715012,26.4079468,13581.2333
OAT_P,135,56.1033,30,20,5161.028088,0.396981591,26.44049388,13590.68158
OAT_P,135,58.7744,30,20,5168.791894,0.399652548,26.47884767,13601.81552
OAT_P,135,56.3462,30,20,5161.7341,0.397224478,26.44398164,13591.69406
OAT_P,135,50.0097,30,20,5143.31646,0.390888317,26.35299712,13565.28164
OAT_P,135,41.8813,30,20,5119.690493,0.382760351,26.23628307,13531.40006
OAT_P,135,40.5952,30,20,5115.952321,0.38147432,26.21781623,13526.03921
OAT_P,135,57.0832,30,20,5163.87626,0.397961439,26.45456407,13594.76609
OAT_P,135,40.4568,30,20,5115.550049,0.381335927,26.21582897,13525.46232
OAT_P,135,40.7385,30,20,5116.368836,0.381617612,26.21987384,13526.63653
OAT_P,135,53.9025,30,20,5154.631253,0.394780909,26.40889304,13581.50799
OAT_P,135,50.1441,30,20,5143.707107,0.391022709,26.35492694,13565.84186
OAT_P,135,40.5598,30,20,5115.849428,0.381438922,26.21730792,13525.89166
OAT_P,135,41.498,30,20,5118.576395,0.382377071,26.23077935,13529.80235
OAT_P,135,50.9788,30,20,5146.133241,0.391857365,26.36691223,13569.32114
OAT_P,135,51.8967,30,20,5148.801205,0.392775216,26.38009217,13573.14722
OAT_P,135,45.7945,30,20,5131.064581,0.386673342,26.29247192,13547.71144
OAT_P,135,59.6578,30,20,5171.35958,0.400535901,26.49153223,13605.49779
OAT_P,135,53.7842,30,20,5154.287403,0.394662615,26.4071944,13581.01488
OAT_P,135,50.2885,30,20,5144.126819,0.391167102,26.35700035,13566.44377
OAT_P,135,58.5519,30,20,5168.145176,0.39943006,26.47565283,13600.88807
OAT_P,135,55.1097,30,20,5158.140095,0.395988044,26.42622698,13586.53996
OAT_P,135,51.9216,30,20,5148.873579,0.392800115,26.3804497,13573.25101
OAT_P,135,40.1193,30,20,5114.569073,0.380998445,26.21098287,13524.05552
OAT_P,135,43.3261,30,20,5123.889942,0.384205074,26.25702866,13537.42242
OAT_P,135,58.4101,30,20,5167.733021,0.399288268,26.47361676,13600.29701
OAT_P,135,43.8142,30,20,5125.308651,0.384693148,26.26403719,13539.45696
OAT_P,135,42.5151,30,20,5121.532693,0.383394117,26.24538368,13534.04193
OAT_P,135,49.6919,30,20,5142.392744,0.390570534,26.34843389,13563.95696
OAT_P,135,50.6827,30,20,5145.272599,0.391561281,26.36266059,13568.08691
OAT_P,135,45.3603,30,20,5129.802537,0.386239165,26.28623733,13545.90157
OAT_P,135,45.3996,30,20,5129.916767,0.386278463,26.28680163,13546.06538
OAT_P,135,47.903,30,20,5137.193137,0.388781729,26.32274744,13556.50029
OAT_P,135,46.1048,30,20,5131.966497,0.386983625,26.29692745,13549.00486
OAT_P,135,54.4245,30,20,5156.148496,0.395302881,26.41638834,13583.68384
OAT_K,135,50,31.2882,20,5147.173916,0.39175292,26.36883611,13568.6822
OAT_K,135,50,25.9449,20,5131.056705,0.388126415,26.30256016,13554.40938
OAT_K,135,50,28.4075,20,5138.484745,0.389797785,26.33310517,13560.98738
OAT_K,135,50,22.5862,20,5120.925724,0.38584686,26.26090032,13545.43774
OAT_K,135,50,30.3902,20,5144.465242,0.391143447,26.35769771,13566.2835
OAT_K,135,50,32.8635,20,5151.925556,0.392822079,26.38837544,13572.89009
OAT_K,135,50,33.3937,20,5153.52482,0.393181926,26.39495181,13574.30634
OAT_K,135,50,28.5711,20,5138.978218,0.389908821,26.33513439,13561.42439
OAT_K,135,50,27.4363,20,5135.555275,0.38913863,26.32105883,13558.39315
OAT_K,135,50,32.1145,20,5149.666317,0.392313731,26.37908517,13570.88939
OAT_K,135,50,32.5008,20,5150.83153,0.392575914,26.38387667,13571.92126
OAT_K,135,50,30.9544,20,5146.167061,0.39152637,26.3646958,13567.79057
OAT_K,135,50,24.3271,20,5126.17687,0.387028411,26.28249368,13550.08797
OAT_K,135,50,25.1188,20,5128.564907,0.387565739,26.29231357,13552.20273
OAT_K,135,50,31.3759,20,5147.438449,0.391812443,26.3699239,13568.91647
OAT_K,135,50,25.1609,20,5128.691895,0.387594313,26.29283576,13552.31519
OAT_K,135,50,22.3719,20,5120.279322,0.385701414,26.25824223,13544.86531
OAT_K,135,50,27.1741,20,5134.764391,0.388960675,26.31780661,13557.69277
OAT_K,135,50,24.4062,20,5126.415463,0.387082097,26.2834748,13550.29926
OAT_K,135,50,25.7801,20,5130.559613,0.388014565,26.30051605,13553.96917
OAT_K,135,50,21.1309,20,5116.536044,0.384859146,26.24284941,13541.5504
OAT_K,135,50,25.0048,20,5128.221044,0.387488367,26.29089957,13551.89822
OAT_K,135,50,37.3563,20,5165.477369,0.395871349,26.44410216,13584.89109
OAT_K,135,50,23.821,20,5124.650301,0.386684921,26.27621623,13548.73609
OAT_K,135,50,27.0411,20,5134.363217,0.388870407,26.31615694,13557.33751
OAT_K,135,50,25.647,20,5130.158138,0.38792423,26.29886514,13553.61364
OAT_K,135,50,27.9664,20,5137.154237,0.38949841,26.32763396,13559.80913
OAT_K,135,50,38.6977,20,5169.523488,0.396781759,26.4607403,13588.47419
OAT_K,135,50,28.4738,20,5138.684728,0.389842783,26.33392752,13561.16448
OAT_K,135,50,27.2618,20,5135.028924,0.389020197,26.31889441,13557.92703
OAT_K,135,50,33.6276,20,5154.230342,0.393340675,26.397853,13574.93112
OAT_K,135,50,32.5242,20,5150.902112,0.392591796,26.38416691,13571.98376
OAT_K,135,50,34.0014,20,5155.35785,0.393594373,26.40248945,13575.92961
OAT_K,135,50,22.8003,20,5121.571522,0.38599217,26.26355592,13546.00964
OAT_K,135,50,34.492,20,5156.837666,0.393927344,26.40857464,13577.24008
OAT_K,135,50,26.6925,20,5133.311721,0.388633812,26.31183306,13556.40634
OAT_K,135,50,29.6132,20,5142.121546,0.390616095,26.34806014,13564.20801
OAT_K,135,50,34.7244,20,5157.538664,0.394085075,26.41145723,13577.86086
OAT_K,135,50,36.8035,20,5163.809936,0.395496163,26.43724547,13583.41447
OAT_K,135,50,25.7012,20,5130.321623,0.387961015,26.29953741,13553.75842
OAT_K,135,50,28.6645,20,5139.259944,0.389972211,26.33629288,13561.67387
OAT_K,135,50,28.0036,20,5137.266445,0.389523658,26.32809537,13559.9085
OAT_K,135,50,39.9747,20,5173.375354,0.397648461,26.47657964,13591.88527
OAT_K,135,50,37.8351,20,5166.921593,0.396196311,26.45004098,13586.17004
OAT_K,135,50,31.8744,20,5148.942094,0.392150775,26.37610707,13570.24804
OAT_K,135,50,23.3237,20,5123.150275,0.386347402,26.27004794,13547.40772
OAT_K,135,50,24.2505,20,5125.945819,0.386976423,26.28154356,13549.88336
OAT_K,135,50,35.2915,20,5159.24923,0.394469966,26.41849128,13579.37567
OAT_K,135,50,33.996,20,5155.341561,0.393590708,26.40242247,13575.91518
OAT_K,135,50,38.2123,20,5168.059356,0.396452317,26.45471961,13587.17761
OAT_K,135,50,20.9141,20,5115.882101,0.384712003,26.24016032,13540.97129
OAT_K,135,50,23.2182,20,5122.832051,0.386275799,26.26873937,13547.12592
OAT_K,135,50,24.7191,20,5127.359276,0.387294462,26.28735587,13551.13507
OAT_K,135,50,38.219,20,5168.079566,0.396456865,26.45480271,13587.1955
OAT_K,135,50,38.2348,20,5168.127224,0.396467588,26.45499869,13587.23771
OAT_K,135,50,33.0421,20,5152.464275,0.392943295,26.39059071,13573.36716
OAT_K,135,50,22.632,20,5121.063872,0.385877945,26.2614684,13545.56008
OAT_K,135,50,35.2218,20,5159.038991,0.394422661,26.41762676,13579.18949
OAT_K,135,50,38.4805,20,5168.868339,0.396634345,26.45804624,13587.89401
OAT_K,135,50,27.7111,20,5136.384165,0.389325137,26.32446733,13559.12719
OAT_K,135,50,26.8364,20,5133.745773,0.388731477,26.31361793,13556.79072
OAT_K,135,50,28.5371,20,5138.875662,0.389885745,26.33471267,13561.33357
OAT_K,135,50,23.9999,20,5125.189924,0.38680634,26.27843523,13549.21397
OAT_K,135,50,30.186,20,5143.849306,0.391004856,26.3551649,13565.73805
OAT_K,135,50,32.5925,20,5151.108128,0.392638151,26.38501407,13572.1662
OAT_K,135,50,22.2045,20,5119.774387,0.3855878,26.25616588,13544.41816
OAT_K,135,50,36.9102,20,5164.13178,0.39556858,26.43856893,13583.69949
OAT_K,135,50,34.6106,20,5157.195404,0.394007838,26.4100457,13577.55688
OAT_K,135,50,23.2013,20,5122.781075,0.386264329,26.26852975,13547.08077
OAT_K,135,50,38.2543,20,5168.186043,0.396480823,26.45524056,13587.2898
OAT_K,135,50,21.3335,20,5117.147154,0.384996651,26.24536237,13542.09158
OAT_K,135,50,20.3678,20,5114.234275,0.384341229,26.23338425,13539.51203
OAT_K,135,50,39.2902,20,5171.310669,0.39718389,26.46808941,13590.05685
OAT_K,135,50,20.3074,20,5114.052088,0.384300235,26.23263508,13539.35069
OAT_K,135,50,29.6219,20,5142.147788,0.390622,26.34816805,13564.23125
OAT_K,135,50,39.1239,20,5170.809052,0.397071022,26.46602669,13589.61264
OAT_K,135,50,34.82,20,5157.827026,0.394149958,26.41264301,13578.11622
OAT_K,135,50,37.402,20,5165.615216,0.395902366,26.444669,13585.01316
OAT_K,135,50,33.3894,20,5153.51185,0.393179008,26.39489847,13574.29485
OAT_K,135,50,39.6441,20,5172.378152,0.397424082,26.47247903,13591.00218
OAT_K,135,50,33.7141,20,5154.491255,0.393399382,26.39892591,13575.16218
OAT_K,135,50,20.8201,20,5115.598565,0.384648205,26.23899439,13540.7202
OAT_K,135,50,28.2873,20,5138.122181,0.389716205,26.33161426,13560.66631
OAT_K,135,50,35.8621,20,5160.970354,0.394857233,26.42556876,13580.89984
OAT_K,135,50,26.6099,20,5133.062572,0.388577751,26.31080853,13556.1857
OAT_K,135,50,32.5306,20,5150.921417,0.392596139,26.38424629,13572.00086
OAT_K,135,50,29.8853,20,5142.942292,0.39080077,26.35143515,13564.93483
OAT_K,135,50,38.7288,20,5169.617296,0.396802867,26.46112605,13588.55726
OAT_K,135,50,25.6682,20,5130.222084,0.387938618,26.29912809,13553.67027
OAT_K,135,50,38.4781,20,5168.8611,0.396632716,26.45801647,13587.8876
OAT_K,135,50,23.4319,20,5123.476643,0.386420838,26.27139001,13547.69674
OAT_K,135,50,35.7942,20,5160.765544,0.394811149,26.42472656,13580.71847
OAT_K,135,50,33.2291,20,5153.02833,0.393070212,26.39291018,13573.86667
OAT_K,135,50,27.5682,20,5135.95313,0.389228151,26.32269486,13558.74548
OAT_K,135,50,38.5731,20,5169.147652,0.396697193,26.45919481,13588.14136
OAT_K,135,50,38.7593,20,5169.709294,0.396823567,26.46150436,13588.63873
OAT_K,135,50,24.4127,20,5126.435069,0.387086508,26.28355542,13550.31662
OAT_K,135,50,34.8664,20,5157.966984,0.39418145,26.41321853,13578.24016
OAT_K,135,50,22.1441,20,5119.5922,0.385546806,26.2554167,13544.25682
OAT_K,135,50,35.9609,20,5161.268368,0.394924289,26.42679423,13581.16375
OAT_K,135,50,37.0585,20,5164.579103,0.395669232,26.44040838,13584.09562
OAT_K,135,50,29.1289,20,5140.660732,0.3902874,26.3420531,13562.91436
OAT_K,135,50,33.6205,20,5154.208926,0.393335856,26.39776493,13574.91216
OAT_K,135,50,30.1722,20,5143.80768,0.39099549,26.35499373,13565.70119
OAT_K,135,50,39.2046,20,5171.052471,0.397125793,26.46702766,13589.8282
OAT_K,135,50,29.4561,20,5141.647679,0.390509471,26.34611154,13563.78837
OAT_K,135,50,27.734,20,5136.45324,0.38934068,26.32475137,13559.18836
OAT_K,135,50,31.9382,20,5149.134537,0.392194076,26.37689842,13570.41846
OAT_K,135,50,20.4318,20,5114.427321,0.384384666,26.23417808,13539.68299
OAT_K,135,50,32.8651,20,5151.930382,0.392823165,26.38839528,13572.89436
OAT_K,135,50,21.1403,20,5116.564398,0.384865526,26.24296601,13541.57551
OAT_K,135,50,31.6924,20,5148.39312,0.392027252,26.37384963,13569.76189
OAT_K,135,50,21.5248,20,5117.72418,0.385126486,26.24773517,13542.60257
OAT_K,135,50,27.2784,20,5135.078995,0.389031463,26.31910031,13557.97137
OAT_K,135,50,39.9288,20,5173.236904,0.397617309,26.47601032,13591.76266
OAT_K,135,50,34.4984,20,5156.856971,0.393931688,26.40865402,13577.25717
OAT_K,135,50,35.2568,20,5159.144563,0.394446415,26.41806088,13579.28298
OAT_K,135,50,37.0819,20,5164.649686,0.395685113,26.44069862,13584.15812
OAT_K,135,50,25.666,20,5130.215448,0.387937125,26.2991008,13553.66439
OAT_K,135,50,30.5629,20,5144.986164,0.391260658,26.3598398,13566.74481
OAT_K,135,50,28.2577,20,5138.032897,0.389696116,26.33124711,13560.58724
OAT_K,135,50,32.4505,20,5150.679808,0.392541775,26.38325277,13571.7869
OAT_K,135,50,24.1786,20,5125.728944,0.386927624,26.28065175,13549.6913
OAT_K,135,50,34.0134,20,5155.394046,0.393602518,26.40263829,13575.96166
OAT_K,135,50,29.069,20,5140.480054,0.390246746,26.34131012,13562.75436
OAT_K,135,50,29.2695,20,5141.08483,0.390382826,26.34379704,13563.28993
OAT_K,135,50,21.9285,20,5118.941877,0.385400478,26.25274249,13543.68092
OAT_K,135,50,21.5194,20,5117.707892,0.385122821,26.2476682,13542.58814
OAT_K,135,50,29.5068,20,5141.800607,0.390543882,26.3467404,13563.92379
OAT_K,135,50,20.5387,20,5114.749767,0.384457219,26.23550402,13539.96853
OAT_K,135,50,26.9469,20,5134.079078,0.388806474,26.31498853,13557.08588
OAT_K,135,50,39.3698,20,5171.55077,0.397237914,26.46907673,13590.26948
OAT_K,135,50,30.3473,20,5144.335841,0.39111433,26.3571656,13566.16891
OAT_K,135,50,24.0183,20,5125.245424,0.386818828,26.27866346,13549.26311
OAT_K,135,50,33.2015,20,5152.945079,0.39305148,26.39256784,13573.79294
OAT_K,135,50,34.1567,20,5155.826287,0.393699776,26.40441572,13576.34444
OAT_K,135,50,36.8554,20,5163.966484,0.395531387,26.43788921,13583.55311
OAT_K,135,50,35.612,20,5160.215967,0.39468749,26.42246663,13580.23178
OAT_K,135,50,38.3478,20,5168.46807,0.396544282,26.45640029,13587.53955
OAT_K,135,50,27.5091,20,5135.774865,0.38918804,26.32196181,13558.58761
OAT_K,135,50,26.8371,20,5133.747884,0.388731952,26.31362661,13556.79259
OAT_K,135,50,22.2049,20,5119.775593,0.385588071,26.25617084,13544.41923
OAT_K,135,50,22.6261,20,5121.046076,0.38587394,26.26139522,13545.54432
OAT_K,135,50,27.8116,20,5136.687308,0.389393347,26.32571389,13559.39564
OAT_K,135,50,33.5252,20,5153.921469,0.393271176,26.39658287,13574.6576
OAT_K,135,50,39.0079,20,5170.459157,0.396992292,26.46458788,13589.30278
OAT_K,135,50,33.6332,20,5154.247233,0.393344475,26.39792246,13574.94608
OAT_K,135,50,30.8402,20,5145.822595,0.391448862,26.36327931,13567.48552
OAT_K,135,50,24.0156,20,5125.23728,0.386816996,26.27862997,13549.2559
OAT_K,135,50,37.8434,20,5166.946629,0.396201945,26.45014393,13586.19221
OAT_K,135,50,34.5814,20,5157.107327,0.39398802,26.40968352,13577.47888
OAT_K,135,50,22.8567,20,5121.741644,0.386030449,26.26425548,13546.16029
OAT_K,135,50,21.8994,20,5118.854101,0.385380728,26.25238155,13543.60319
OAT_K,135,50,29.5737,20,5142.0024,0.390589287,26.3475702,13564.1025
OAT_K,135,50,28.1146,20,5137.601259,0.389598993,26.32947216,13560.205
OAT_K,135,50,38.7875,20,5169.794355,0.396842707,26.46185414,13588.71406
OAT_K,135,50,34.0005,20,5155.355135,0.393593763,26.40247829,13575.9272
OAT_K,135,50,35.9738,20,5161.307279,0.394933044,26.42695423,13581.19821
OAT_K,135,50,23.9504,20,5125.040615,0.386772745,26.27782125,13549.08174
OAT_K,135,50,34.7402,20,5157.586322,0.394095798,26.4116532,13577.90306
OAT_K,135,50,33.3789,20,5153.480178,0.393171882,26.39476823,13574.26681
OAT_K,135,50,29.2136,20,5140.916216,0.390344886,26.34310368,13563.14061
OAT_K,135,50,26.7572,20,5133.506878,0.388677724,26.31263557,13556.57916
OAT_K,135,50,33.9531,20,5155.21216,0.393561592,26.40189036,13575.80059
OAT_K,135,50,33.6031,20,5154.156441,0.393324047,26.39754911,13574.86568
OAT_K,135,50,28.5266,20,5138.843991,0.389878618,26.33458243,13561.30552
OAT_K,135,50,32.7377,20,5151.546101,0.392736698,26.38681507,13572.55406
OAT_K,135,50,23.1809,20,5122.719541,0.386250484,26.26827671,13547.02628
OAT_K,135,50,27.2459,20,5134.980964,0.389009405,26.31869719,13557.88456
OAT_K,135,50,24.8989,20,5127.901614,0.387416493,26.28958603,13551.61534
OAT_K,135,50,32.1754,20,5149.850013,0.392355064,26.37984055,13571.05206
OAT_K,135,50,23.3525,20,5123.237145,0.386366949,26.27040516,13547.48465
OAT_K,135,50,28.0991,20,5137.554505,0.389588474,26.32927991,13560.1636
OAT_K,135,50,20.8109,20,5115.570815,0.384641961,26.23888027,13540.69563
OAT_K,135,50,38.4156,20,5168.672578,0.396590298,26.45724125,13587.72065
OAT_K,135,50,36.5015,20,5162.899002,0.395291195,26.43349959,13582.60778
OAT_K,135,50,25.8289,20,5130.70681,0.388047685,26.30112134,13554.09952
OAT_K,135,50,39.0689,20,5170.643153,0.397033693,26.4653445,13589.46573
OAT_K,135,50,21.1918,20,5116.719739,0.384900479,26.24360479,13541.71307
OAT_K,135,50,35.8449,20,5160.918473,0.39484556,26.42535542,13580.85389
OAT_K,135,50,36.2547,20,5162.154569,0.395123691,26.4304384,13581.94854
OAT_K,135,50,26.4378,20,5132.543459,0.388460947,26.30867387,13555.72599
OAT_K,135,50,28.7818,20,5139.613761,0.390051823,26.33774782,13561.9872
OAT_K,135,50,30.706,20,5145.417802,0.39135778,26.36161475,13567.12705
OAT_K,135,50,29.5706,20,5141.99305,0.390587183,26.34753175,13564.09421
OAT_K,135,50,32.4723,20,5150.745564,0.392556571,26.38352316,13571.84513
OAT_K,135,50,27.2483,20,5134.988203,0.389011034,26.31872696,13557.89097
OAT_K,135,50,37.8044,20,5166.828991,0.396175475,26.44966019,13586.08804
OAT_K,135,50,23.4118,20,5123.416014,0.386407196,26.2711407,13547.64305
OAT_K,135,50,20.2997,20,5114.028862,0.384295009,26.23253957,13539.33013
OAT_K,135,50,30.0264,20,5143.367898,0.390896535,26.35318529,13565.31173
OAT_K,135,50,37.9872,20,5167.380378,0.396299542,26.45192757,13586.57633
OAT_K,135,50,39.5748,20,5172.16912,0.397377048,26.47161946,13590.81707
OAT_K,135,50,25.2139,20,5128.851761,0.387630284,26.29349315,13552.45676
OAT_K,135,50,22.795,20,5121.555536,0.385988573,26.26349018,13545.99548
OAT_K,135,50,39.271,20,5171.252756,0.397170859,26.46785126,13590.00557
OAT_K,135,50,24.1372,20,5125.604067,0.386899526,26.28013824,13549.58072
OAT_K,135,50,35.9857,20,5161.343173,0.394941121,26.42710184,13581.22999
OAT_K,135,50,34.7127,20,5157.503372,0.394077134,26.4113121,13577.8296
OAT_K,135,50,27.7889,20,5136.618837,0.38937794,26.32543232,13559.335
OAT_Zn,135,50,30,23.5946,5146.082344,0.392532814,26.37604991,15768.42858
OAT_Zn,135,50,30,22.9275,5145.563808,0.392225821,26.37174583,15359.5524
OAT_Zn,135,50,30,21.0414,5144.097745,0.391357858,26.35957687,14203.53179
OAT_Zn,135,50,30,18.7383,5142.307549,0.390297996,26.34471745,12791.92527
OAT_Zn,135,50,30,20.8719,5143.965993,0.391279856,26.35848327,14099.64255
OAT_Zn,135,50,30,28.8892,5150.197829,0.394969332,26.41021024,19013.57291
OAT_Zn,135,50,30,24.0843,5146.462987,0.392758168,26.37920941,16068.57347
OAT_Zn,135,50,30,10.264,5135.720487,0.386398214,26.29004196,7597.892365
OAT_Zn,135,50,30,21.5705,5144.509014,0.391601344,26.36299058,14527.82558
OAT_Zn,135,50,30,29.2447,5150.474159,0.395132929,26.41250389,19231.4645
OAT_Zn,135,50,30,17.6356,5141.450421,0.389790546,26.33760292,12116.06294
OAT_Zn,135,50,30,22.8981,5145.540955,0.392212292,26.37155615,15341.53268
OAT_Zn,135,50,30,15.4152,5139.724508,0.388768741,26.32327708,10755.14456
OAT_Zn,135,50,30,11.6944,5136.832335,0.387056469,26.29927078,8474.607216
OAT_Zn,135,50,30,15.1238,5139.498003,0.388634642,26.32139699,10576.54088
OAT_Zn,135,50,30,19.2891,5142.735685,0.390551469,26.34827117,13129.51932
OAT_Zn,135,50,30,12.0368,5137.098482,0.387214038,26.30147992,8684.469608
OAT_Zn,135,50,30,10.2157,5135.682943,0.386375987,26.28973033,7568.288529
OAT_Zn,135,50,30,12.5549,5137.5012,0.387452462,26.30482266,9002.021317
OAT_Zn,135,50,30,15.4635,5139.762051,0.388790969,26.32358871,10784.7484
OAT_Zn,135,50,30,12.9386,5137.79945,0.387629037,26.30729826,9237.197133
OAT_Zn,135,50,30,21.5791,5144.515699,0.391605302,26.36304606,14533.09665
OAT_Zn,135,50,30,29.1932,5150.434128,0.395109229,26.41217162,19199.89933
OAT_Zn,135,50,30,26.5248,5148.359984,0.39388126,26.39495532,17564.39464
OAT_Zn,135,50,30,21.2575,5144.265719,0.391457305,26.36097113,14335.98291
OAT_Zn,135,50,30,22.9146,5145.553781,0.392219885,26.3716626,15351.64579
OAT_Zn,135,50,30,26.8629,5148.622789,0.39403685,26.39713671,17771.62149
OAT_Zn,135,50,30,27.7401,5149.304635,0.394440528,26.40279634,18309.27129
OAT_Zn,135,50,30,16.5096,5140.575183,0.389272373,26.33033806,11425.91968
OAT_Zn,135,50,30,27.3775,5149.022787,0.394273664,26.40045687,18087.028
OAT_Zn,135,50,30,25.1277,5147.27402,0.39323833,26.38594134,16708.08989
OAT_Zn,135,50,30,16.9759,5140.937638,0.389486959,26.33334659,11711.72235
OAT_Zn,135,50,30,25.8404,5147.828001,0.393566307,26.39053963,17144.91502
OAT_Zn,135,50,30,19.325,5142.76359,0.390567989,26.34850279,13151.523
OAT_Zn,135,50,30,21.9925,5144.837034,0.391795544,26.36571329,14786.47607
OAT_Zn,135,50,30,29.4421,5150.627597,0.39522377,26.4137775,19352.45409
OAT_Zn,135,50,30,12.7652,5137.664666,0.38754924,26.3061795,9130.917523
OAT_Zn,135,50,30,18.4818,5142.108172,0.390179958,26.34306254,12634.71235
OAT_Zn,135,50,30,28.908,5150.212442,0.394977983,26.41033153,19025.09572
OAT_Zn,135,50,30,12.9047,5137.773099,0.387613436,26.30707954,9216.419286
OAT_Zn,135,50,30,17.8107,5141.586526,0.389871125,26.33873265,12223.38451
OAT_Zn,135,50,30,28.5494,5149.933703,0.394812959,26.40801787,18805.3041
OAT_Zn,135,50,30,21.3063,5144.303651,0.391479762,26.36128598,14365.8932
OAT_Zn,135,50,30,13.9282,5138.568665,0.38808444,26.31368308,9843.738672
OAT_Zn,135,50,30,16.6435,5140.679263,0.389333992,26.33120197,11507.98912
OAT_Zn,135,50,30,10.4962,5135.900976,0.38650507,26.29154009,7740.211428
OAT_Zn,135,50,30,21.7601,5144.65639,0.391688596,26.36421386,14644.03442
OAT_Zn,135,50,30,26.0522,5147.992633,0.393663775,26.39190614,17274.7306
OAT_Zn,135,50,30,24.5193,5146.801112,0.392958351,26.382016,16335.19187
OAT_Zn,135,50,30,13.3282,5138.102285,0.387808326,26.30981193,9475.989154
OAT_Zn,135,50,30,27.2972,5148.96037,0.39423671,26.39993878,18037.81085
OAT_Zn,135,50,30,15.2686,5139.610556,0.388701278,26.32233123,10665.2911
OAT_Zn,135,50,30,26.6697,5148.472615,0.393947942,26.3958902,17653.20615
OAT_Zn,135,50,30,17.3118,5141.198732,0.389641536,26.33551379,11917.60079
OAT_Zn,135,50,30,13.4582,5138.203334,0.387868151,26.31065068,9555.668216
OAT_Zn,135,50,30,22.6824,5145.373292,0.392113029,26.37016447,15209.32672
OAT_Zn,135,50,30,16.0961,5140.25377,0.389082084,26.32767019,11172.47897
OAT_Zn,135,50,30,18.1796,5141.873272,0.390040889,26.34111277,12449.48917
OAT_Zn,135,50,30,23.9155,5146.331779,0.392680488,26.37812033,15965.11328
OAT_Zn,135,50,30,29.2568,5150.483564,0.395138497,26.41258196,19238.88078
OAT_Zn,135,50,30,29.2099,5150.447109,0.395116914,26.41227937,19210.13502
OAT_Zn,135,50,30,12.3567,5137.34714,0.387361252,26.30354389,8880.541392
OAT_Zn,135,50,30,19.5967,5142.974782,0.390693023,26.35025578,13318.05224
OAT_Zn,135,50,30,28.6294,5149.995887,0.394849775,26.40853403,18854.33737
OAT_Zn,135,50,30,21.6453,5144.567156,0.391635767,26.36347318,14573.67168
OAT_Zn,135,50,30,15.5728,5139.84701,0.388841267,26.3242939,10851.7401
OAT_Zn,135,50,30,23.5254,5146.028555,0.392500968,26.37560343,15726.0148
OAT_Zn,135,50,30,24.1616,5146.523072,0.392793741,26.37970814,16115.95187
OAT_Zn,135,50,30,26.8181,5148.587966,0.394016234,26.39684767,17744.16286
OAT_Zn,135,50,30,23.5671,5146.060968,0.392520158,26.37587248,15751.57339
OAT_Zn,135,50,30,11.2,5136.448038,0.386828952,26.29608095,8171.581613
OAT_Zn,135,50,30,29.5459,5150.708281,0.395271538,26.41444721,19416.07475
OAT_Zn,135,50,30,17.5638,5141.394611,0.389757504,26.33713967,12072.05559
OAT_Zn,135,50,30,23.6364,5146.114835,0.392552049,26.3763196,15794.04846
OAT_Zn,135,50,30,22.9097,5145.549972,0.39221763,26.37163099,15348.6425
OAT_Zn,135,50,30,17.1807,5141.096828,0.389581206,26.33466794,11837.24752
OAT_Zn,135,50,30,23.4468,5145.967459,0.392464798,26.37509631,15677.83961
OAT_Zn,135,50,30,26.8409,5148.605688,0.394026726,26.39699477,17758.13734
OAT_Zn,135,50,30,29.8005,5150.906181,0.395388702,26.41608987,19572.12313
OAT_Zn,135,50,30,29.0085,5150.290561,0.395024232,26.41097995,19086.69377
OAT_Zn,135,50,30,17.9006,5141.656406,0.389912496,26.33931268,12278.48565
OAT_Zn,135,50,30,22.4332,5145.179589,0.39199835,26.36855665,15056.58809
OAT_Zn,135,50,30,28.4228,5149.835297,0.394754699,26.40720106,18727.70895
OAT_Zn,135,50,30,13.1786,5137.986002,0.387739482,26.30884672,9384.296941
OAT_Zn,135,50,30,17.5411,5141.376967,0.389747058,26.33699322,12058.1424
OAT_Zn,135,50,30,26.3146,5148.196596,0.393784528,26.39359913,17435.55972
OAT_Zn,135,50,30,11.1286,5136.392539,0.386796094,26.29562029,8127.81942
OAT_Zn,135,50,30,18.2921,5141.960718,0.39009266,26.34183861,12518.44221
OAT_Zn,135,50,30,26.4466,5148.299199,0.393845273,26.39445078,17516.46462
OAT_Zn,135,50,30,12.4467,5137.417097,0.387402669,26.30412456,8935.70382
OAT_Zn,135,50,30,26.2248,5148.126795,0.393743203,26.39301974,17380.51988
OAT_Zn,135,50,30,12.0495,5137.108354,0.387219882,26.30156186,8692.253639
OAT_Zn,135,50,30,24.9881,5147.165509,0.393174087,26.38504066,16622.52683
OAT_Zn,135,50,30,21.9186,5144.779591,0.391761536,26.36523649,14741.18159
OAT_Zn,135,50,30,11.9104,5137.000231,0.38715587,26.3006644,8606.997042
OAT_Zn,135,50,30,21.2976,5144.296889,0.391475759,26.36122985,14360.56084
OAT_Zn,135,50,30,21.4595,5144.422734,0.391550263,26.36227441,14459.79192
OAT_Zn,135,50,30,25.7907,5147.789369,0.393543435,26.39021897,17114.4531
OAT_Zn,135,50,30,25.7885,5147.787659,0.393542423,26.39020477,17113.10469
OAT_Zn,135,50,30,10.3777,5135.808866,0.386450538,26.29077554,7667.580898
OAT_Zn,135,50,30,11.8357,5136.942167,0.387121494,26.30018244,8561.212227
OAT_Zn,135,50,30,10.1798,5135.655038,0.386359466,26.28949871,7546.284849
OAT_Zn,135,50,30,12.967,5137.821525,0.387642106,26.30748149,9254.603944
OAT_Zn,135,50,30,15.7486,5139.983659,0.388922168,26.32542815,10959.49071
OAT_Zn,135,50,30,16.9981,5140.954894,0.389497175,26.33348982,11725.32908
OAT_Zn,135,50,30,23.5236,5146.027156,0.39250014,26.37559182,15724.91155
OAT_Zn,135,50,30,28.3807,5149.802573,0.394735325,26.40692944,18701.90519
OAT_Zn,135,50,30,24.0883,5146.466096,0.392760009,26.37923522,16071.02514
OAT_Zn,135,50,30,21.241,5144.252894,0.391449712,26.36086467,14325.8698
OAT_Zn,135,50,30,27.5424,5149.150963,0.394349549,26.40152079,18188.09782
OAT_Zn,135,50,30,11.6187,5136.773493,0.387021633,26.29878237,8428.209485
OAT_Zn,135,50,30,27.8895,5149.420764,0.394509281,26.40376025,18400.84092
OAT_Zn,135,50,30,15.5209,5139.806668,0.388817383,26.32395905,10819.92977
OAT_Zn,135,50,30,10.496,5135.90082,0.386504978,26.2915388,7740.088845
OAT_Zn,135,50,30,17.8666,5141.629977,0.389896849,26.33909332,12257.64651
OAT_Zn,135,50,30,12.2632,5137.274462,0.387318225,26.30294063,8823.233759
OAT_Zn,135,50,30,11.8436,5136.948308,0.387125129,26.30023341,8566.054263
OAT_Zn,135,50,30,24.2402,5146.584168,0.392829912,26.38021527,16164.12706
OAT_Zn,135,50,30,11.5932,5136.753672,0.387009898,26.29861785,8412.580131
OAT_Zn,135,50,30,19.0625,5142.559549,0.39044719,26.34680917,12990.63259
OAT_Zn,135,50,30,26.0062,5147.956877,0.393642606,26.39160935,17246.53647
OAT_Zn,135,50,30,27.7648,5149.323835,0.394451895,26.4029557,18324.41031
OAT_Zn,135,50,30,14.7159,5139.180943,0.388446931,26.31876525,10326.5325
OAT_Zn,135,50,30,11.4183,5136.617723,0.386929411,26.29748941,8305.381146
OAT_Zn,135,50,30,27.5504,5149.157182,0.39435323,26.40157241,18193.00115
OAT_Zn,135,50,30,17.9366,5141.684388,0.389929063,26.33954495,12300.55062
OAT_Zn,135,50,30,14.3159,5138.870023,0.388262855,26.31618449,10081.36615
OAT_Zn,135,50,30,15.8186,5140.03807,0.388954382,26.32587979,11002.39482
OAT_Zn,135,50,30,12.8641,5137.741541,0.387594753,26.30681759,9191.534902
OAT_Zn,135,50,30,18.8548,5142.398104,0.390351608,26.3454691,12863.32997
OAT_Zn,135,50,30,13.8287,5138.491323,0.388038651,26.31304111,9782.753544
OAT_Zn,135,50,30,25.9211,5147.890729,0.393603444,26.3910603,17194.37733
OAT_Zn,135,50,30,26.7812,5148.559284,0.393999253,26.39660959,17721.54627
OAT_Zn,135,50,30,29.1706,5150.416561,0.395098829,26.41202581,19186.04743
OAT_Zn,135,50,30,29.8397,5150.936651,0.395406742,26.41634279,19596.14943
OAT_Zn,135,50,30,12.586,5137.525374,0.387466774,26.30502331,9021.083
OAT_Zn,135,50,30,13.7753,5138.449816,0.388014077,26.31269658,9750.023836
OAT_Zn,135,50,30,20.8827,5143.974388,0.391284826,26.35855295,14106.26205
OAT_Zn,135,50,30,12.5349,5137.485654,0.387443258,26.30469362,8989.762999
OAT_Zn,135,50,30,27.2057,5148.889247,0.394194603,26.39934843,17981.72905
OAT_Zn,135,50,30,20.1524,5143.406727,0.39094875,26.35384111,13658.64959
OAT_Zn,135,50,30,11.2403,5136.479364,0.386847497,26.29634097,8196.282122
OAT_Zn,135,50,30,20.8066,5143.915235,0.391249806,26.35806196,14059.61915
OAT_Zn,135,50,30,21.2079,5144.227165,0.39143448,26.36065111,14305.58228
OAT_Zn,135,50,30,13.3131,5138.090548,0.387801377,26.3097145,9466.734124
OAT_Zn,135,50,30,25.6678,5147.693839,0.393486878,26.38942602,17039.12574
OAT_Zn,135,50,30,11.7029,5136.838942,0.387060381,26.29932562,8479.817001
OAT_Zn,135,50,30,18.2819,5141.95279,0.390087966,26.3417728,12512.19047
OAT_Zn,135,50,30,20.8485,5143.947804,0.391269088,26.35833229,14085.30032
OAT_Zn,135,50,30,20.4762,5143.658416,0.391097759,26.35593024,13857.11175
OAT_Zn,135,50,30,11.8427,5136.947608,0.387124715,26.3002276,8565.502639
OAT_Zn,135,50,30,28.9761,5150.265376,0.395009322,26.41077091,19066.8353
OAT_Zn,135,50,30,23.259,5145.821482,0.392378374,26.37388464,15562.73401
OAT_Zn,135,50,30,16.7938,5140.796091,0.389403158,26.3321717,11600.11037
OAT_Zn,135,50,30,21.5009,5144.454914,0.391569315,26.36254152,14485.16663
OAT_Zn,135,50,30,19.0689,5142.564524,0.390450135,26.34685046,12994.55525
OAT_Zn,135,50,30,27.8517,5149.391382,0.394491885,26.40351637,18377.6727
OAT_Zn,135,50,30,24.0747,5146.455525,0.39275375,26.37914747,16062.68948
OAT_Zn,135,50,30,29.6368,5150.778938,0.395313369,26.41503369,19471.78881
OAT_Zn,135,50,30,20.8272,5143.931248,0.391259286,26.35819487,14072.24521
OAT_Zn,135,50,30,27.4599,5149.086836,0.394311583,26.40098851,18137.53226
OAT_Zn,135,50,30,13.3808,5138.143171,0.387832532,26.3101513,9508.228528
OAT_Zn,135,50,30,24.1641,5146.525015,0.392794891,26.37972427,16117.48416
OAT_Zn,135,50,30,23.425,5145.950514,0.392454765,26.37495566,15664.47804
OAT_Zn,135,50,30,14.5227,5139.030769,0.388358022,26.31751874,10208.11715
OAT_Zn,135,50,30,13.817,5138.482229,0.388033267,26.31296562,9775.582428
OAT_Zn,135,50,30,10.7704,5136.114111,0.386631254,26.29330921,7908.272958
OAT_Zn,135,50,30,20.1906,5143.436419,0.390966329,26.35408758,13682.06298
OAT_Zn,135,50,30,29.2769,5150.499188,0.395147747,26.41271165,19251.20039
OAT_Zn,135,50,30,14.1874,5138.77014,0.388203721,26.31535542,10002.60646
OAT_Zn,135,50,30,15.3202,5139.650664,0.388725023,26.32266415,10696.91755
OAT_Zn,135,50,30,15.1262,5139.499868,0.388635747,26.32141248,10578.01188
OAT_Zn,135,50,30,27.127,5148.828073,0.394158386,26.39884066,17933.49257
OAT_Zn,135,50,30,11.731,5136.860784,0.387073312,26.29950692,8497.039937
OAT_Zn,135,50,30,26.3453,5148.220459,0.393798656,26.3937972,17454.37624
OAT_Zn,135,50,30,27.1597,5148.853491,0.394173434,26.39905164,17953.53492
OAT_Zn,135,50,30,10.4177,5135.839958,0.386468945,26.29103362,7692.097533
OAT_Zn,135,50,30,28.6857,5150.039649,0.394875683,26.40889727,18888.84453
OAT_Zn,135,50,30,20.6966,5143.829732,0.391199185,26.35735225,13992.1984
OAT_Zn,135,50,30,24.0615,5146.445265,0.392747676,26.37906231,16054.59899
OAT_Zn,135,50,30,22.7176,5145.400653,0.392129228,26.37039157,15230.90136
OAT_Zn,135,50,30,22.5993,5145.308699,0.392074787,26.36962831,15158.39342
OAT_Zn,135,50,30,16.4625,5140.538572,0.389250698,26.33003418,11397.05134
OAT_Zn,135,50,30,15.2661,5139.608612,0.388700127,26.3223151,10663.75881
OAT_Zn,135,50,30,11.1612,5136.417879,0.386811096,26.29583062,8147.800478
OAT_Zn,135,50,30,21.537,5144.482974,0.391585928,26.36277444,14507.29289
OAT_Zn,135,50,30,16.4002,5140.490147,0.389222028,26.32963222,11358.86669
OAT_Zn,135,50,30,15.0793,5139.463413,0.388614164,26.32110988,10549.26612
OAT_Zn,135,50,30,24.5661,5146.837489,0.392979887,26.38231795,16363.87634
OAT_Zn,135,50,30,22.5886,5145.300381,0.392069863,26.36955928,15151.83522
OAT_Zn,135,50,30,13.1166,5137.937809,0.38771095,26.3084467,9346.296157
OAT_Zn,135,50,30,19.6219,5142.99437,0.39070462,26.35041837,13333.49772
OAT_Zn,135,50,30,10.0968,5135.590523,0.386321271,26.2889632,7495.412832
OAT_Zn,135,50,30,15.5957,5139.86481,0.388851806,26.32444165,10865.77587
OAT_Zn,135,50,30,24.719,5146.956338,0.39305025,26.38330444,16457.59117
OAT_Zn,135,50,30,11.0665,5136.344269,0.386767516,26.29521962,8089.757345
OAT_Zn,135,50,30,18.6888,5142.269072,0.390275217,26.34439808,12761.58593
OAT_Zn,135,50,30,18.3884,5142.035572,0.390136976,26.34245993,12577.46601
OAT_Zn,135,50,30,13.0916,5137.918377,0.387699446,26.3082854,9330.973261
OAT_Zn,135,50,30,14.8795,5139.308109,0.388522218,26.31982079,10426.80553
RANDOM,149.8499,51.0677,31.289,13.9223,5219.272411,0.411831295,26.66504949,9925.038733
RANDOM,136.8184,47.279,35.0846,18.2541,5158.386001,0.393475565,26.40478539,12506.82284
RANDOM,138.2044,58.223,31.3842,17.3437,5185.206749,0.403523898,26.54003094,11991.74654
RANDOM,148.1026,47.9119,37.2455,18.9407,5223.293572,0.412461853,26.68833356,12994.58938
RANDOM,128.424,56.0344,36.1044,23.8157,5149.562561,0.393154847,26.39809563,15911.29526
RANDOM,148.6323,42.5076,38.9253,13.9084,5211.370211,0.406659978,26.61051936,9894.920588
RANDOM,130.2539,46.9156,23.6475,11.5214,5085.011182,0.372611521,26.07277186,8314.130701
RANDOM,135.7923,47.5824,24.5339,11.311,5116.952801,0.381916204,26.21136198,8219.046611
RANDOM,149.7547,52.2303,35.1403,29.7613,5246.107496,0.422756853,26.8296528,19647.65283
RANDOM,130.9431,40.7992,20.1552,10.7249,5059.501482,0.364770768,25.95134731,7794.694445
RANDOM,145.288,47.0623,26.8701,22.3955,5178.241752,0.40202712,26.5090646,15066.23672
RANDOM,148.5751,59.5322,21.2091,28.9122,5218.794228,0.418480247,26.73079853,19114.33166
RANDOM,128.2602,59.1788,26.2114,16.8029,5122.59724,0.386116929,26.27176032,11598.87028
RANDOM,148.125,40.0541,21.2201,14.0901,5148.456904,0.39152871,26.34592012,9946.135767
RANDOM,122.4388,50.6694,24.8178,17.3359,5065.176378,0.368358699,26.01025021,11856.16807
RANDOM,127.6169,50.0735,24.7005,20.1016,5090.94508,0.376560006,26.12969542,13575.36975
RANDOM,142.5317,56.7949,26.6624,18.1314,5188.906862,0.405608313,26.55931391,12478.41952
RANDOM,141.9037,47.7333,36.6016,12.9995,5185.441974,0.400009084,26.50583475,9318.517114
RANDOM,121.0397,57.4093,30.9952,26.1646,5103.316893,0.381299144,26.21045367,17304.75633
RANDOM,148.9642,55.1309,20.7427,18.2412,5198.231601,0.40942335,26.60135465,12556.33289
RANDOM,128.3784,52.2225,34.1026,20.7732,5129.853506,0.386517437,26.29791902,14025.02596
RANDOM,146.2344,46.0502,27.3588,12.8448,5174.048384,0.398341414,26.45937272,9214.456578
RANDOM,138.0047,52.0719,24.9597,10.4117,5141.569943,0.389529517,26.32299269,7699.17748
RANDOM,139.1794,55.6574,30.2224,22.6808,5183.233756,0.404057783,26.54423194,15254.19933
RANDOM,123.0468,47.6544,31.4834,24.8135,5085.349232,0.374201773,26.11098575,16447.69877
RANDOM,124.5034,56.3135,37.7215,17.0346,5130.51819,0.385653469,26.29390244,11740.19925
RANDOM,144.1437,52.58,28.7763,18.9224,5191.649124,0.405559578,26.56486258,12959.67462
RANDOM,124.2844,53.7236,21.1303,18.9899,5073.378404,0.372381441,26.05881957,12882.38447
RANDOM,137.1598,42.11,32.232,22.9036,5140.066204,0.389011773,26.33253935,15329.18022
RANDOM,125.1068,52.9033,37.5875,16.4309,5122.728034,0.382760782,26.25238508,11358.73897
RANDOM,142.6533,50.6893,38.9391,19.7653,5210.064726,0.408765727,26.63708249,13487.83658
RANDOM,122.9589,54.7047,38.5325,21.8649,5124.375792,0.384549935,26.27873473,14688.21618
RANDOM,130.9827,44.861,27.6701,11.34,5094.649681,0.37427394,26.10770354,8208.908702
RANDOM,121.3785,42.4791,22.3446,28.5077,5037.330833,0.362074364,25.91119594,18657.29609
RANDOM,148.8532,45.1844,26.4056,24.4461,5190.674428,0.406013225,26.56641594,16332.50537
RANDOM,125.9017,44.0709,34.7772,19.7759,5095.125058,0.374728143,26.12942023,13368.74264
RANDOM,137.7884,40.4961,21.2297,28.4899,5109.65125,0.383424536,26.22248963,18720.25634
RANDOM,121.7267,40.8027,20.9176,10.8514,5016.158194,0.351815639,25.76301331,7826.476269
RANDOM,137.7902,49.5431,29.0249,28.8591,5159.756104,0.397934212,26.45150276,19005.08705
RANDOM,143.4348,45.6551,23.7127,14.9565,5149.645941,0.39233229,26.36175487,10482.84397
RANDOM,143.5009,46.8944,21.572,18.9794,5150.246129,0.394066991,26.38037761,12948.33365
RANDOM,128.9901,52.7271,23.2134,13.3129,5095.712323,0.377096625,26.13515138,9428.678968
RANDOM,139.0333,56.9313,39.9684,25.4231,5217.740045,0.412993669,26.69795267,16965.58387
RANDOM,144.7804,46.4632,38.0947,10.0095,5198.210207,0.40260089,26.54883262,7499.513552
RANDOM,123.0103,47.3725,28.6657,14.1661,5067.573321,0.367054091,26.00250558,9912.847506
RANDOM,143.6105,49.3856,20.3958,24.3298,5158.642147,0.398382914,26.43844192,16235.4894
RANDOM,129.2679,47.9352,29.0037,15.8807,5102.624709,0.377824489,26.16072094,10999.45797
RANDOM,120.4574,50.8789,31.7183,20.8403,5079.487594,0.371954569,26.07875074,14013.09903
RANDOM,125.4511,40.186,24.1857,26.9255,5055.206195,0.366283447,25.9786815,17704.0237
RANDOM,133.2997,42.0164,25.1279,16.1204,5093.931138,0.375306501,26.11611121,11132.26162
RANDOM,128.3225,48.4512,28.1114,11.135,5093.051113,0.374162616,26.10606568,8085.606975
RANDOM,130.3876,49.7043,30.5765,28.2595,5127.691231,0.388001827,26.30963324,18604.0038
RANDOM,138.0086,44.6489,39.0139,15.3344,5166.232304,0.393916621,26.42257439,10722.99843
RANDOM,149.5215,47.472,25.7815,20.1066,5195.3855,0.406861532,26.57792898,13684.0916
RANDOM,132.8088,45.0017,35.2788,21.3471,5134.852577,0.386865457,26.30802487,14372.80112
RANDOM,139.3999,46.8982,33.7185,21.7605,5168.69898,0.397572152,26.46063957,14664.10425
RANDOM,129.1086,56.9485,33.653,29.5563,5152.68583,0.396052227,26.43260916,19430.61306
RANDOM,145.3408,52.3196,27.1662,16.1162,5189.796947,0.404672973,26.54885035,11240.53291
RANDOM,134.6968,46.5957,32.7209,24.8949,5143.900178,0.391128509,26.36277114,16556.90829
RANDOM,123.8369,50.8108,29.2481,26.2118,5092.790243,0.377644647,26.15463428,17316.02303
RANDOM,127.1267,49.3035,37.2116,12.6759,5118.23933,0.380144263,26.21534521,9051.707479
RANDOM,148.8293,43.0823,33.0386,13.477,5195.926949,0.403330105,26.54721824,9618.201657
RANDOM,128.9358,52.7563,32.2975,16.7406,5125.592725,0.384788867,26.26919067,11553.67586
RANDOM,138.5801,55.7139,33.5625,10.1946,5180.792345,0.399755124,26.49299466,7607.258321
RANDOM,122.721,49.8714,24.0821,18.4539,5062.907692,0.367990324,26.00296257,12537.58023
RANDOM,148.2607,53.728,28.9581,17.5984,5214.942464,0.412267429,26.66379988,12174.79867
RANDOM,120.4502,56.7318,22.3882,24.0469,5070.813593,0.372939873,26.0675984,15977.9121
RANDOM,120.3584,59.5994,35.504,11.0014,5108.114302,0.378570825,26.18530909,8028.629509
RANDOM,134.1644,48.6813,34.4687,27.8941,5154.922501,0.394998602,26.42227166,18405.76618
RANDOM,147.4491,41.3481,31.1577,23.2529,5185.960193,0.402791368,26.53231085,15590.59425
RANDOM,139.168,52.5487,22.3921,12.3981,5142.529856,0.390886084,26.33588227,8917.836257
RANDOM,121.7304,45.1386,38.5786,12.3983,5083.253253,0.368855154,26.05439115,8839.863744
RANDOM,123.3307,45.3861,27.886,22.871,5067.804636,0.369015023,26.02738165,15239.51803
RANDOM,132.5095,48.7705,22.3393,11.7402,5097.823823,0.376991483,26.13321015,8464.173272
RANDOM,148.1778,43.0544,38.5081,25.7069,5218.615878,0.411685705,26.67952233,17125.21584
RANDOM,145.4574,52.3464,30.176,14.2956,5198.117093,0.406075934,26.57733432,10133.41444
RANDOM,131.9435,41.2069,26.6118,11.5405,5085.761888,0.371404968,26.06411175,8318.723491
RANDOM,122.2535,44.7393,31.4382,28.6676,5075.797617,0.371864805,26.07633476,18793.55141
RANDOM,146.8188,49.4084,24.4819,14.2113,5179.094821,0.401233919,26.49332175,10061.35054
RANDOM,149.4544,54.7412,32.5282,19.4772,5236.042137,0.41832116,26.7604819,13346.29605
RANDOM,128.3819,43.8146,29.5741,16.0809,5088.125706,0.37288228,26.09082327,11101.91602
RANDOM,145.3638,57.0288,36.9423,24.3347,5239.475131,0.419832816,26.79124811,16323.64414
RANDOM,143.7858,58.0671,22.7588,28.9322,5195.451015,0.411043125,26.62588029,19099.78163
RANDOM,143.8106,54.048,36.6658,11.1203,5211.995307,0.408302515,26.6262808,8203.109261
RANDOM,132.5608,59.7104,36.5647,25.206,5183.251935,0.40385775,26.55472558,16801.44091
RANDOM,132.2374,50.3065,24.9878,26.0558,5120.053885,0.386513249,26.27461415,17250.49738
RANDOM,148.3943,59.9562,38.86,22.9567,5267.741025,0.427877755,26.91349919,15512.08927
RANDOM,135.3042,50.1777,24.6062,13.7882,5124.216899,0.384983642,26.25498598,9745.841244
RANDOM,131.0119,45.9426,26.4989,11.9,5094.840956,0.374861173,26.11294944,8553.673002
RANDOM,121.6452,57.7115,34.4558,12.7499,5107.212168,0.378665918,26.18421749,9096.317959
RANDOM,129.9482,44.7731,28.799,20.485,5099.772336,0.377641498,26.15714823,13811.30767
RANDOM,141.6663,51.9095,32.8735,13.5327,5185.571248,0.401551545,26.51788131,9651.541797
RANDOM,143.6828,54.423,36.0576,17.2366,5215.370517,0.41089169,26.66082868,11951.1622
RANDOM,141.868,43.0655,24.9589,25.4541,5146.25995,0.393118663,26.37398638,16901.39753
RANDOM,143.6237,51.9244,32.4076,25.2341,5203.021522,0.409509538,26.63000413,16832.48563
RANDOM,149.239,58.7316,39.8771,22.1351,5270.804104,0.428205878,26.92143744,15010.51118
RANDOM,127.0885,42.5658,20.498,18.4467,5052.537667,0.364662941,25.94770112,12515.79472
RANDOM,135.2307,48.1824,25.8241,11.5741,5120.00509,0.382688199,26.22557271,8383.339212
RANDOM,135.9188,57.7132,22.5889,24.4448,5151.369,0.396956188,26.42016804,16306.64987
RANDOM,121.7121,54.8926,35.9948,20.7732,5110.229516,0.38068217,26.21603825,14006.63371
RANDOM,149.4814,46.026,22.2185,19.309,5179.616309,0.402571462,26.50696188,13179.47721
RANDOM,121.9051,59.5304,36.4331,10.862,5118.2859,0.381339589,26.22828176,7953.405542
RANDOM,145.6416,59.6001,38.0171,19.0697,5247.477381,0.4211185,26.81351878,13111.6719
RANDOM,122.8572,50.0063,36.3688,12.7021,5096.565907,0.374017311,26.12312402,9046.29929
RANDOM,147.8857,48.4644,22.4209,18.7473,5178.956379,0.402545327,26.50646594,12837.6305
RANDOM,145.5564,44.9093,27.0466,20.3843,5172.285308,0.399462639,26.47314853,13826.42957
RANDOM,143.5641,56.8932,24.5746,13.3269,5184.285507,0.403594715,26.52608407,9533.852941
RANDOM,127.2463,55.44,37.5763,12.5463,5137.668682,0.38664395,26.30972332,8999.446845
RANDOM,124.6896,53.3314,25.4853,19.1793,5087.533286,0.375627204,26.11716153,13010.57051
RANDOM,123.3995,52.7853,28.9058,17.7507,5088.748708,0.374850693,26.11472162,12135.1279
RANDOM,134.0459,51.7231,36.9962,15.1763,5160.913803,0.393729045,26.4126898,10629.64067
RANDOM,145.8955,46.9496,34.0502,18.5736,5199.616757,0.405920887,26.58494108,12745.59398
RANDOM,128.665,46.2387,20.5551,16.6831,5069.840647,0.3698779,26.02375019,11458.49547
RANDOM,149.628,47.1192,35.304,13.9178,5218.801287,0.410280062,26.65334205,9915.395874
RANDOM,143.8624,44.8242,22.9024,29.3813,5158.121752,0.398217552,26.44205797,19320.62269
RANDOM,133.3721,54.9582,26.1688,22.7554,5140.204198,0.392113745,26.35921979,15256.05957
RANDOM,135.1612,46.9308,21.1902,18.8319,5107.686247,0.381529532,26.19545306,12813.80454
RANDOM,132.2818,50.0649,29.7135,21.2745,5130.10988,0.3873439,26.29986904,14331.8091
RANDOM,125.136,58.3781,31.4995,27.0316,5128.662444,0.389024563,26.324508,17862.78616
RANDOM,141.4625,49.382,28.4406,13.4968,5163.8141,0.395699763,26.42198123,9606.104688
RANDOM,128.9588,43.5969,38.8395,10.7994,5114.199044,0.37736972,26.18098042,7891.635081
RANDOM,140.272,40.2614,33.8647,10.5023,5145.427717,0.387134709,26.31331738,7741.024603
RANDOM,127.5742,59.8547,36.5596,10.4384,5147.422986,0.389879866,26.35397019,7724.868239
RANDOM,146.3197,56.0112,28.3505,16.1141,5208.956944,0.41060471,26.63763319,11262.87424
RANDOM,129.0412,44.164,31.5279,19.4076,5100.893288,0.377056802,26.15574893,13150.99817
RANDOM,137.1457,40.2439,25.0385,28.8572,5117.501895,0.38498261,26.2546276,18951.1695
RANDOM,147.9149,48.5373,26.2637,11.1318,5184.984897,0.401764646,26.50667191,8180.689809
RANDOM,143.1234,48.0676,36.2158,13.0952,5191.379087,0.401916693,26.53275734,9383.862362
RANDOM,149.1872,56.4452,20.3138,20.9942,5204.004936,0.412040861,26.63747537,14249.17964
RANDOM,120.3507,56.335,33.4287,13.8612,5094.550897,0.375202832,26.13098035,9762.255904
RANDOM,139.906,52.0117,35.8946,13.9524,5186.568834,0.401312305,26.52158628,9908.148209
RANDOM,145.6394,46.3293,29.2535,10.4608,5175.767934,0.397935586,26.45867486,7756.403471
RANDOM,147.6977,50.9114,25.0687,18.1504,5192.658256,0.406238497,26.56654063,12488.07844
RANDOM,141.7714,52.8258,30.139,21.6481,5186.816199,0.404500846,26.55174604,14622.65944
RANDOM,142.758,57.9445,30.8284,29.0675,5214.438356,0.41495032,26.70293068,19198.4224
RANDOM,143.9621,43.0491,24.4938,22.4471,5152.867439,0.394477997,26.39371881,15067.91037
RANDOM,143.6982,46.3483,23.0725,14.2567,5150.493331,0.392655711,26.36493009,10056.47102
RANDOM,131.8951,56.4073,30.8367,26.1919,5153.835279,0.396143344,26.42826141,17373.19311
RANDOM,142.1698,52.5444,34.2335,26.4773,5204.080129,0.409805801,26.63823687,17594.38324
RANDOM,145.1656,50.4634,28.4432,10.718,5183.187862,0.400942099,26.49943177,7926.655664
RANDOM,122.0938,49.0576,29.8029,15.9981,5072.775789,0.369008106,26.03287194,11041.01736
RANDOM,121.5008,54.329,29.7922,13.9182,5083.504904,0.372443994,26.08222889,9785.082095
RANDOM,124.5565,57.738,24.7418,24.3499,5101.457213,0.381712951,26.20170431,16195.40493
RANDOM,125.1982,44.998,34.5989,17.5211,5092.037027,0.373463456,26.11080918,11986.47923
RANDOM,132.7421,43.2117,34.1704,21.8153,5126.339283,0.384440792,26.2701576,14649.0004
RANDOM,138.8664,49.9151,25.63,19.5317,5148.68941,0.393290099,26.37775294,13286.23987
RANDOM,120.3981,46.0329,22.3785,13.3834,5031.13961,0.357251224,25.84393172,9397.191455
RANDOM,137.1228,59.5595,29.9912,24.586,5185.149873,0.405659394,26.56535646,16426.90711
RANDOM,122.7977,58.3759,37.33,15.5189,5125.686379,0.384247717,26.27211497,10809.90658
RANDOM,144.9661,46.9147,22.9569,19.9671,5162.52365,0.397633399,26.43580132,13565.09418
RANDOM,134.794,40.5319,30.282,13.558,5110.588973,0.378335366,26.17440159,9577.056166
RANDOM,127.104,46.9788,29.3958,14.3879,5089.125306,0.373269601,26.09557795,10070.33438
RANDOM,135.9672,48.3446,38.3778,29.1088,5175.628552,0.400521437,26.51261981,19168.66412
RANDOM,146.8959,41.5562,29.4365,22.681,5178.182635,0.400755719,26.49833598,15233.46818
RANDOM,137.4626,45.7099,26.7123,11.3212,5126.38052,0.383979817,26.24756371,8231.9755
RANDOM,120.4838,51.3038,20.8842,29.7664,5055.112574,0.36917279,26.00862988,19457.01571
RANDOM,125.8973,42.7871,26.1674,14.2406,5061.099063,0.36504718,25.96838607,9947.697195
RANDOM,125.8712,46.9759,24.9066,15.0033,5069.934488,0.368692708,26.01725209,10429.12511
RANDOM,138.2,52.6072,36.8951,20.2951,5187.778918,0.403000395,26.54669695,13791.99579
RANDOM,123.6128,54.8473,22.6473,12.9391,5073.183142,0.370763914,26.04025534,9179.005811
RANDOM,134.5754,41.8832,37.2049,29.5828,5146.769371,0.391438604,26.37835209,19421.90129
RANDOM,125.0131,54.5119,22.2088,21.0421,5084.135333,0.375916175,26.1124634,14150.1567
RANDOM,139.2484,56.8316,21.9228,19.0259,5159.11384,0.39801835,26.4360536,12997.13585
RANDOM,143.4396,41.8078,35.7705,12.7132,5173.113938,0.395643549,26.44170181,9124.086377
RANDOM,137.3461,50.2599,34.4885,11.0848,5162.299116,0.393527424,26.40531245,8126.215185
RANDOM,136.4568,58.9706,26.5032,11.8036,5159.67533,0.39584287,26.41681049,8577.145279
RANDOM,135.574,55.2321,34.8732,17.7682,5174.309729,0.399233754,26.48640255,12235.13884
RANDOM,147.896,58.1781,39.5709,21.1992,5260.877394,0.425041702,26.87470554,14426.79237
RANDOM,129.2885,50.1913,22.441,16.4739,5089.950297,0.37592959,26.11598628,11355.02056
RANDOM,121.0511,59.4543,24.7569,19.7529,5085.516831,0.376176237,26.12131823,13366.84347
RANDOM,122.2201,44.2773,36.1379,11.8056,5075.358053,0.366783764,26.01848183,8469.018798
RANDOM,133.1044,46.0197,28.5806,11.028,5111.053817,0.379022674,26.17935417,8035.945569
RANDOM,123.9018,45.3818,26.2972,24.0878,5066.78061,0.369331021,26.02777372,15984.01433
RANDOM,138.8376,55.9155,24.0818,10.6381,5154.404295,0.39410438,26.38670671,7855.937923
RANDOM,139.3035,55.6175,33.6274,24.7764,5195.633377,0.407475478,26.60208873,16548.19849
RANDOM,134.2231,49.4541,22.2537,24.1913,5117.737336,0.385863234,26.25923373,16107.15878
RANDOM,129.1349,48.0864,20.3892,21.9104,5081.106571,0.3747085,26.09207787,14672.08643
RANDOM,137.7803,52.4395,23.6561,19.4977,5144.65489,0.39286409,26.36588695,13265.01725
RANDOM,137.5766,49.1222,24.1256,13.9125,5131.076452,0.386996235,26.28365203,9828.129647
RANDOM,124.3337,56.6376,38.8802,11.4049,5129.73688,0.383924031,26.27294793,8293.232648
RANDOM,120.1901,47.968,33.998,24.4992,5079.420282,0.371882317,26.08307547,16248.26642
RANDOM,121.023,40.4171,27.5567,27.2357,5044.305427,0.362442522,25.93036717,17881.15057
RANDOM,136.8816,47.3817,25.7103,20.3587,5132.358066,0.388277231,26.3049263,13772.48117
RANDOM,133.4383,59.0148,30.6858,15.8508,5160.581589,0.396155615,26.43037358,11053.43882
RANDOM,132.1504,46.2568,28.8318,12.3476,5108.790614,0.378636567,26.17382516,8841.460487
RANDOM,139.1055,50.3666,30.1687,13.1115,5159.888513,0.394218608,26.4042631,9366.443191
RANDOM,149.1703,54.6867,20.4967,17.4667,5196.619562,0.408758454,26.59137061,12080.18988
RANDOM,131.5283,59.6289,30.0361,23.3792,5156.777131,0.396988383,26.43853584,15658.63222
RANDOM,145.015,55.75,28.3,13.9457,5199.883216,0.407395423,26.59114351,9925.83668
RANDOM,124.022,41.9325,32.7028,26.5467,5078.584349,0.371537468,26.07615368,17494.46929
RANDOM,126.1284,59.1716,22.6664,26.5851,5108.904536,0.385074848,26.24484992,17573.97945
RANDOM,134.8241,53.1678,30.8001,18.5897,5152.939736,0.393681963,26.39537711,12715.27515
RANDOM,121.6382,51.2941,29.3357,21.8014,5080.116392,0.372928965,26.08681254,14603.66334
RANDOM,133.507,58.2925,26.0275,10.2556,5140.423033,0.389797793,26.32760374,7608.954467
RANDOM,139.3456,45.7329,23.0178,23.1124,5133.816251,0.389686723,26.3187324,15458.98293
RANDOM,134.536,45.3366,33.8568,22.595,5141.080803,0.389345889,26.34047642,15144.21494
RANDOM,128.8417,58.7494,36.5897,17.0034,5155.696124,0.393677521,26.40815021,11750.70827
RANDOM,132.1083,49.0221,24.726,12.6379,5104.460392,0.378686876,26.16357054,9019.73093
RANDOM,129.1346,57.9449,32.6092,23.5507,5147.894428,0.393614614,26.39578221,15751.18554
RANDOM,146.2306,47.4722,26.0314,23.9379,5182.781459,0.403961775,26.53481632,16015.95545
